keyword_text,keyword_match_type,ad_group_criterion_status,campaign_name,ad_group_name,ad_group_criterion_quality_info_quality_score,impressions,clicks,ctr,average_cpc,cost,conversions,cost_per_conversion
endoscopia,PHRASE,ENABLED,Endoscopia,Endoscopy - Core,3,10369,1111,0.1071,33.96,37725.03,101.1196,373.07
colonoscopia,PHRASE,ENABLED,Colonoscopia,Colonoscopy - Core,3,6022,725,0.1204,42.34,30695.39,36.8328,833.37
costo de endoscopia,PHRASE,ENABLED,Endoscopia,Endoscopy Prices,3,1468,413,0.2813,29.48,12173.62,28.1304,432.76
endoscopia precio,EXACT,ENABLED,Endoscopia,Endoscopy Prices,5,916,299,0.3264,27.49,8220.72,16.0856,511.06
colonoscopia precio,EXACT,ENABLED,Colonoscopia,Colonoscopy - Pricing,5,624,180,0.2885,33.47,6024.57,11,547.69
cuanto cuesta una endoscopia,EXACT,ENABLED,Endoscopia,Endoscopy Prices,3,611,203,0.3322,27.89,5661.81,10.3337,547.9
colonoscopia,PHRASE,ENABLED,Colon Max Conversions,Colonoscopy - Core,3,1084,108,0.0996,51.39,5550.63,5,1110.13
precio de colonoscopia,PHRASE,ENABLED,Colonoscopia,Colonoscopy - Pricing,3,613,156,0.2545,32.38,5051.01,10.0001,505.1
varices esofagicas,PHRASE,ENABLED,Ligadura Esofagica,Ligadura Esofagica,2,859,55,0.064,90.93,5001.31,3.5,1428.95
cpre,EXACT,ENABLED,CPRE,CPRE - Core,3,813,79,0.0972,54.6,4313.43,0,
operacion de hemorroides,EXACT,ENABLED,Hemorroides,Hemorroides - Core,3,390,43,0.1103,60.87,2617.59,0,
endoscopia merida,EXACT,ENABLED,Endoscopia,Endoscopy - Core,6,458,110,0.2402,22.42,2466.09,26.1178,94.42
colonoscopia merida,PHRASE,ENABLED,Colonoscopia,Colonoscopy - Core,8,337,88,0.2611,27.07,2382.0,12.1653,195.8
cuanto cuesta endoscopia,PHRASE,ENABLED,Endoscopia,Endoscopy Prices,3,345,82,0.2377,28.15,2307.99,3.0667,752.6
panendoscopia,PHRASE,ENABLED,Endoscopia,Endoscopy - Core,3,833,61,0.0732,37.55,2290.31,5.2833,433.5
cpre merida,PHRASE,ENABLED,CPRE,CPRE - Core,7,355,78,0.2197,28.53,2225.41,8,278.18
estudio de colonoscopia,PHRASE,ENABLED,Colonoscopia,Colonoscopy - Core,2,344,56,0.1628,39.15,2192.66,2,1096.33
endoscopia en merida yucatan,PHRASE,ENABLED,Endoscopia,Endoscopy - Core,6,460,96,0.2087,22.4,2150.69,16.7777,128.19
endoscopia precio mérida,EXACT,ENABLED,Endoscopia,Endoscopy Prices,5,199,70,0.3518,28.82,2017.39,1.5014,1343.69
colonoscopia merida,EXACT,ENABLED,Colonoscopia,Colonoscopy - Core,8,293,82,0.2799,23.14,1897.78,16.5783,114.47
Ligadura Varices,PHRASE,ENABLED,Ligadura Esofagica,Ligadura Esofagica,3,211,24,0.1137,75.81,1819.46,0.5,3638.91
cepre,EXACT,PAUSED,CPRE,CPRE - Core,1,256,36,0.1406,48.18,1734.53,0,
endoscopia merida,PHRASE,ENABLED,Endoscopia,Endoscopy - Core,6,356,59,0.1657,27.24,1606.89,10.331,155.54
cirugia de hemorroides,EXACT,ENABLED,Hemorroides,Hemorroides - Core,3,143,22,0.1538,69.17,1521.74,1,1521.74
ligadura de hemorroides,EXACT,ENABLED,Hemorroides,Hemorroides - Core,5,92,16,0.1739,90.22,1443.59,1,1443.59
cuanto cuesta una colonoscopia,EXACT,ENABLED,Colonoscopia,Colonoscopy - Pricing,3,183,49,0.2678,29.31,1436.06,1.001,1434.68
endoscopia en merida,PHRASE,ENABLED,Endoscopia,Endoscopy - Core,7,384,66,0.1719,20.3,1339.82,12.0322,111.35
costo de colonoscopia,PHRASE,ENABLED,Colonoscopia,Colonoscopy - Pricing,5,159,42,0.2642,27.52,1156.04,1,1156.04
colonoscopia precio,EXACT,ENABLED,Colon Max Conversions,Colonoscopy - Pricing,3,115,25,0.2174,45.53,1138.32,1,1138.32
estudio de endoscopia,EXACT,ENABLED,Endoscopia,Endoscopy - Core,2,210,38,0.181,27.92,1060.86,2.9989,353.75
precio colonoscopia merida,PHRASE,ENABLED,Colonoscopia,Colonoscopy - Pricing,3,207,48,0.2319,22.01,1056.5,5.9154,178.6
cuanto cuesta colonoscopia,PHRASE,ENABLED,Colonoscopia,Colonoscopy - Pricing,3,118,42,0.3559,24.73,1038.51,0.5,2077.02
estudio de colonoscopia,EXACT,ENABLED,Colonoscopia,Colonoscopy - Core,2,223,24,0.1076,40.0,960.11,0,
endoscopia gastrointestinal,EXACT,ENABLED,Endoscopia,Endoscopy - Core,4,226,25,0.1106,37.91,947.76,0.3333,2843.28
endoscopias en merida,EXACT,ENABLED,Endoscopia,Endoscopy - Core,7,128,40,0.3125,23.4,936.05,6.6,141.83
panendoscopia precio,PHRASE,ENABLED,Endoscopia,Endoscopy Prices,3,115,27,0.2348,34.06,919.65,4.8333,190.27
colonoscopia precio merida,EXACT,ENABLED,Colonoscopia,Colonoscopy - Pricing,7,101,32,0.3168,28.11,899.66,2,449.83
Varices Esofágicas,PHRASE,ENABLED,Ligadura Esofagica,Ligadura Esofagica,3,87,10,0.1149,88.39,883.94,0,
clinica de colonoscopia,PHRASE,ENABLED,Colonoscopia,Colonoscopy - Core,5,122,23,0.1885,32.21,740.86,2.333,317.56
endoscopia del mayab,EXACT,ENABLED,Endoscopia,Endoscopy - Core,8,161,51,0.3168,14.4,734.59,14.7811,49.7
costo de colonoscopia,PHRASE,ENABLED,Colon Max Conversions,Colonoscopy - Pricing,5,64,18,0.2812,36.54,657.71,3,219.24
precio de colonoscopia,EXACT,ENABLED,Colonoscopia,Colonoscopy - Pricing,3,75,25,0.3333,26.07,651.63,2,325.81
centro endoscopico,PHRASE,ENABLED,Endoscopia,Endoscopy - Core,2,164,23,0.1402,24.8,570.31,3.0004,190.08
colonoscopia merida,PHRASE,ENABLED,Colon Max Conversions,Colonoscopy - Core,7,39,16,0.4103,34.84,557.39,4.5,123.86
estudio de colonoscopia,PHRASE,ENABLED,Colon Max Conversions,Colonoscopy - Core,2,78,9,0.1154,42.47,382.19,0,
cuanto cuesta colonoscopia,PHRASE,ENABLED,Colon Max Conversions,Colonoscopy - Pricing,5,25,8,0.32,39.17,313.33,0,
panendoscopia merida,PHRASE,ENABLED,Endoscopia,Endoscopy - Core,6,46,13,0.2826,22.47,292.14,3.3333,87.64
precio colonoscopia merida,PHRASE,ENABLED,Colon Max Conversions,Colonoscopy - Pricing,5,23,8,0.3478,31.83,254.62,0,
ligadura con banda elastica para hemorroides,EXACT,ENABLED,Hemorroides,Hemorroides - Core,,7,2,0.2857,110.53,221.05,0,
estudio de colonoscopia,EXACT,ENABLED,Colon Max Conversions,Colonoscopy - Core,2,22,3,0.1364,59.86,179.58,0,
cuanto cuesta una ligadura de hemorroides,EXACT,ENABLED,Hemorroides,Hemorroides - Core,,21,2,0.0952,81.29,162.58,0,
colonoscopia merida,EXACT,ENABLED,Colon Max Conversions,Colonoscopy - Core,7,29,7,0.2414,19.15,134.06,3.4978,38.33
endoscopia precio merida,EXACT,ENABLED,Endoscopia,Endoscopy Prices,5,54,5,0.0926,26.01,130.03,0,
colonoscopia precio merida,EXACT,ENABLED,Colon Max Conversions,Colonoscopy - Pricing,,5,4,0.8,28.58,114.32,0,
cuanto cuesta una colonoscopia,EXACT,ENABLED,Colon Max Conversions,Colonoscopy - Pricing,5,17,5,0.2941,19.31,96.53,0,
precio ligadura de hemorroides,EXACT,ENABLED,Hemorroides,Hemorroides - Core,,6,1,0.1667,89.07,89.07,0,
costo colonoscopia merida,PHRASE,ENABLED,Colonoscopia,Colonoscopy - Pricing,,11,1,0.0909,59.09,59.09,0,
precio de colonoscopia,EXACT,ENABLED,Colon Max Conversions,Colonoscopy - Pricing,3,9,2,0.2222,29.25,58.5,0,
cuanto cuesta la ligadura de hemorroides,EXACT,ENABLED,Hemorroides,Hemorroides - Core,2,9,2,0.2222,24.81,49.62,0,
costo colonoscopia merida,PHRASE,ENABLED,Colon Max Conversions,Colonoscopy - Pricing,,5,2,0.4,22.7,45.41,0,
ligadura de hemorroides costo,EXACT,ENABLED,Hemorroides,Hemorroides - Core,,4,2,0.5,18.31,36.62,0,
clinica de colonoscopia,PHRASE,ENABLED,Colon Max Conversions,Colonoscopy - Core,,5,1,0.2,34.92,34.92,1,34.92
ligadura de hemorroides precio,EXACT,ENABLED,Hemorroides,Hemorroides - Core,,5,1,0.2,18.25,18.25,0,
Endoscopia,EXACT,ENABLED,JAN 1-14 | Leads | MX | CDMX,Colo & Endo,,0,0,,,0.0,0,
colonoscopia virtual,PHRASE,ENABLED,JAN 1-14 | Leads | MX | CDMX,Colo & Endo,,0,0,,,0.0,0,
Endoscopia,PHRASE,ENABLED,JAN 1-14 | Leads | MX | CDMX,Colo & Endo,,0,0,,,0.0,0,
endoscopia gastrointestinal,EXACT,ENABLED,JAN 1-14 | Leads | MX | CDMX,Colo & Endo,,0,0,,,0.0,0,
Colonoscopia,PHRASE,ENABLED,JAN 1-14 | Leads | MX | CDMX,Colo & Endo,,0,0,,,0.0,0,
endoscopia gastrointestinal,PHRASE,ENABLED,JAN 1-14 | Leads | MX | CDMX,Colo & Endo,,0,0,,,0.0,0,
examen de colonoscopia,PHRASE,ENABLED,JAN 1-14 | Leads | MX | CDMX,Colo & Endo,,0,0,,,0.0,0,
panendoscopia,PHRASE,ENABLED,JAN 1-14 | Leads | MX | CDMX,Colo & Endo,,0,0,,,0.0,0,
colonoscopia virtual,EXACT,ENABLED,JAN 1-14 | Leads | MX | CDMX,Colo & Endo,,0,0,,,0.0,0,
examen de colonoscopia,EXACT,ENABLED,JAN 1-14 | Leads | MX | CDMX,Colo & Endo,,0,0,,,0.0,0,
panendoscopia,EXACT,ENABLED,JAN 1-14 | Leads | MX | CDMX,Colo & Endo,,0,0,,,0.0,0,
colonoscopia laboratorios,PHRASE,ENABLED,JAN 1-14 | Leads | MX | CDMX,Colo & Endo,,0,0,,,0.0,0,
endoscopia con sedacion,PHRASE,ENABLED,JAN 1-14 | Leads | MX | CDMX,Colo & Endo,,0,0,,,0.0,0,
endoscopia baja,PHRASE,ENABLED,JAN 1-14 | Leads | MX | CDMX,Colo & Endo,,0,0,,,0.0,0,
colonoscopia particular,PHRASE,ENABLED,JAN 1-14 | Leads | MX | CDMX,Colo & Endo,,0,0,,,0.0,0,
colonoscopia particular,EXACT,ENABLED,JAN 1-14 | Leads | MX | CDMX,Colo & Endo,,0,0,,,0.0,0,
Colonoscopia,EXACT,ENABLED,JAN 1-14 | Leads | MX | CDMX,Colo & Endo,,0,0,,,0.0,0,
colonoscopia laboratorios,EXACT,ENABLED,JAN 1-14 | Leads | MX | CDMX,Colo & Endo,,0,0,,,0.0,0,
endoscopia con sedacion,EXACT,ENABLED,JAN 1-14 | Leads | MX | CDMX,Colo & Endo,,0,0,,,0.0,0,
endoscopia baja,EXACT,ENABLED,JAN 1-14 | Leads | MX | CDMX,Colo & Endo,,0,0,,,0.0,0,
Bypass Gastrico,EXACT,ENABLED,JAN 1-14 | Leads | MX | CDMX,Bariatría Cirugia,,0,0,,,0.0,0,
Bypass Gastrico,PHRASE,ENABLED,JAN 1-14 | Leads | MX | CDMX,Bariatría Cirugia,,0,0,,,0.0,0,
Balon Gastrico CDMX,PHRASE,ENABLED,JAN 1-14 | Leads | MX | CDMX,Bariatría Cirugia,,0,0,,,0.0,0,
Manga Gastrica CDMX,PHRASE,ENABLED,JAN 1-14 | Leads | MX | CDMX,Bariatría Cirugia,,0,0,,,0.0,0,
Balon Gastrico CDMX,EXACT,ENABLED,JAN 1-14 | Leads | MX | CDMX,Bariatría Cirugia,,0,0,,,0.0,0,
Manga Gastrica CDMX,EXACT,ENABLED,JAN 1-14 | Leads | MX | CDMX,Bariatría Cirugia,,0,0,,,0.0,0,
weight loss surgery,BROAD,ENABLED,april-2024-obesity,Ad group 1,,0,0,,,0.0,0,
gastric surgery,BROAD,ENABLED,april-2024-obesity,Ad group 1,,0,0,,,0.0,0,
bariatric doctor,BROAD,ENABLED,april-2024-obesity,Ad group 1,,0,0,,,0.0,0,
gastric balloon,BROAD,ENABLED,april-2024-obesity,Ad group 1,,0,0,,,0.0,0,
stomach surgery,BROAD,ENABLED,april-2024-obesity,Ad group 1,,0,0,,,0.0,0,
bariatric dr,BROAD,ENABLED,april-2024-obesity,Ad group 1,,0,0,,,0.0,0,
medical center weight loss,BROAD,ENABLED,april-2024-obesity,Ad group 1,,0,0,,,0.0,0,
endoscopic surgery,BROAD,ENABLED,april-2024-obesity,Ad group 1,,0,0,,,0.0,0,
bariatric endoscopy,BROAD,ENABLED,april-2024-obesity,Ad group 1,,0,0,,,0.0,0,
dr for gastric bypass,BROAD,ENABLED,april-2024-obesity,Ad group 1,,0,0,,,0.0,0,
Cirugía Gástrica,EXACT,ENABLED,JAN 1-14 | Leads | MX | CDMX,Keyword: Manga,,0,0,,,0.0,0,
Manga Gástrica,PHRASE,ENABLED,JAN 1-14 | Leads | MX | CDMX,Keyword: Manga,,0,0,,,0.0,0,
Manga Gástrica,EXACT,ENABLED,JAN 1-14 | Leads | MX | CDMX,Keyword: Manga,,0,0,,,0.0,0,
Cirugía Gástrica,PHRASE,ENABLED,JAN 1-14 | Leads | MX | CDMX,Keyword: Manga,,0,0,,,0.0,0,
Endoscopia,EXACT,ENABLED,JAN 14-31 | Obesity | MX | CDMX,Colo & Endo,,0,0,,,0.0,0,
colonoscopia virtual,PHRASE,ENABLED,JAN 14-31 | Obesity | MX | CDMX,Colo & Endo,,0,0,,,0.0,0,
Endoscopia,PHRASE,ENABLED,JAN 14-31 | Obesity | MX | CDMX,Colo & Endo,,0,0,,,0.0,0,
endoscopia gastrointestinal,EXACT,ENABLED,JAN 14-31 | Obesity | MX | CDMX,Colo & Endo,,0,0,,,0.0,0,
Colonoscopia,PHRASE,ENABLED,JAN 14-31 | Obesity | MX | CDMX,Colo & Endo,,0,0,,,0.0,0,
endoscopia gastrointestinal,PHRASE,ENABLED,JAN 14-31 | Obesity | MX | CDMX,Colo & Endo,,0,0,,,0.0,0,
examen de colonoscopia,PHRASE,ENABLED,JAN 14-31 | Obesity | MX | CDMX,Colo & Endo,,0,0,,,0.0,0,
panendoscopia,PHRASE,ENABLED,JAN 14-31 | Obesity | MX | CDMX,Colo & Endo,,0,0,,,0.0,0,
colonoscopia virtual,EXACT,ENABLED,JAN 14-31 | Obesity | MX | CDMX,Colo & Endo,,0,0,,,0.0,0,
examen de colonoscopia,EXACT,ENABLED,JAN 14-31 | Obesity | MX | CDMX,Colo & Endo,,0,0,,,0.0,0,
panendoscopia,EXACT,ENABLED,JAN 14-31 | Obesity | MX | CDMX,Colo & Endo,,0,0,,,0.0,0,
colonoscopia laboratorios,PHRASE,ENABLED,JAN 14-31 | Obesity | MX | CDMX,Colo & Endo,,0,0,,,0.0,0,
endoscopia con sedacion,PHRASE,ENABLED,JAN 14-31 | Obesity | MX | CDMX,Colo & Endo,,0,0,,,0.0,0,
endoscopia baja,PHRASE,ENABLED,JAN 14-31 | Obesity | MX | CDMX,Colo & Endo,,0,0,,,0.0,0,
colonoscopia particular,PHRASE,ENABLED,JAN 14-31 | Obesity | MX | CDMX,Colo & Endo,,0,0,,,0.0,0,
colonoscopia particular,EXACT,ENABLED,JAN 14-31 | Obesity | MX | CDMX,Colo & Endo,,0,0,,,0.0,0,
Colonoscopia,EXACT,ENABLED,JAN 14-31 | Obesity | MX | CDMX,Colo & Endo,,0,0,,,0.0,0,
colonoscopia laboratorios,EXACT,ENABLED,JAN 14-31 | Obesity | MX | CDMX,Colo & Endo,,0,0,,,0.0,0,
endoscopia con sedacion,EXACT,ENABLED,JAN 14-31 | Obesity | MX | CDMX,Colo & Endo,,0,0,,,0.0,0,
endoscopia baja,EXACT,ENABLED,JAN 14-31 | Obesity | MX | CDMX,Colo & Endo,,0,0,,,0.0,0,
Bypass Gastrico,EXACT,ENABLED,JAN 14-31 | Obesity | MX | CDMX,Bariatría Cirugia,,0,0,,,0.0,0,
Bypass Gastrico,PHRASE,ENABLED,JAN 14-31 | Obesity | MX | CDMX,Bariatría Cirugia,,0,0,,,0.0,0,
Balon Gastrico CDMX,PHRASE,ENABLED,JAN 14-31 | Obesity | MX | CDMX,Bariatría Cirugia,,0,0,,,0.0,0,
Manga Gastrica CDMX,PHRASE,ENABLED,JAN 14-31 | Obesity | MX | CDMX,Bariatría Cirugia,,0,0,,,0.0,0,
Balon Gastrico CDMX,EXACT,ENABLED,JAN 14-31 | Obesity | MX | CDMX,Bariatría Cirugia,,0,0,,,0.0,0,
Manga Gastrica CDMX,EXACT,ENABLED,JAN 14-31 | Obesity | MX | CDMX,Bariatría Cirugia,,0,0,,,0.0,0,
Cirugía Gástrica,EXACT,ENABLED,JAN 14-31 | Obesity | MX | CDMX,Keyword: Manga,,0,0,,,0.0,0,
Bypass Gástrico,PHRASE,ENABLED,JAN 14-31 | Obesity | MX | CDMX,Keyword: Manga,,0,0,,,0.0,0,
Bypass Gástrico,EXACT,ENABLED,JAN 14-31 | Obesity | MX | CDMX,Keyword: Manga,,0,0,,,0.0,0,
Balón Gástrico,PHRASE,ENABLED,JAN 14-31 | Obesity | MX | CDMX,Keyword: Manga,,0,0,,,0.0,0,
Balón Intragástrico,PHRASE,ENABLED,JAN 14-31 | Obesity | MX | CDMX,Keyword: Manga,,0,0,,,0.0,0,
Manga Gástrica,PHRASE,ENABLED,JAN 14-31 | Obesity | MX | CDMX,Keyword: Manga,,0,0,,,0.0,0,
Balón Gástrico,EXACT,ENABLED,JAN 14-31 | Obesity | MX | CDMX,Keyword: Manga,,0,0,,,0.0,0,
Balón Intragástrico,EXACT,ENABLED,JAN 14-31 | Obesity | MX | CDMX,Keyword: Manga,,0,0,,,0.0,0,
Manga Gástrica,EXACT,ENABLED,JAN 14-31 | Obesity | MX | CDMX,Keyword: Manga,,0,0,,,0.0,0,
Balón Ingerible,PHRASE,ENABLED,JAN 14-31 | Obesity | MX | CDMX,Keyword: Manga,,0,0,,,0.0,0,
Cirugía Gástrica,PHRASE,ENABLED,JAN 14-31 | Obesity | MX | CDMX,Keyword: Manga,,0,0,,,0.0,0,
Globo Gástrico,PHRASE,ENABLED,JAN 14-31 | Obesity | MX | CDMX,Keyword: Manga,,0,0,,,0.0,0,
Balón Ingerible,EXACT,ENABLED,JAN 14-31 | Obesity | MX | CDMX,Keyword: Manga,,0,0,,,0.0,0,
Globo Gástrico,EXACT,ENABLED,JAN 14-31 | Obesity | MX | CDMX,Keyword: Manga,,0,0,,,0.0,0,
Colonoscopia CDMX,PHRASE,ENABLED,JAN 14-31 | Obesity | MX | CDMX,Endoscopy Colonoscopy,,0,0,,,0.0,0,
Endoscopia CDMX,PHRASE,ENABLED,JAN 14-31 | Obesity | MX | CDMX,Endoscopy Colonoscopy,,0,0,,,0.0,0,
Colonoscopia CDMX,EXACT,ENABLED,JAN 14-31 | Obesity | MX | CDMX,Endoscopy Colonoscopy,,0,0,,,0.0,0,
Endoscopia CDMX,EXACT,ENABLED,JAN 14-31 | Obesity | MX | CDMX,Endoscopy Colonoscopy,,0,0,,,0.0,0,
Bariatra CDMX,PHRASE,ENABLED,JAN 14-31 | Obesity | MX | CDMX,Cirujano Bariatra - Location,,0,0,,,0.0,0,
Cirujano Bariatrico,PHRASE,ENABLED,JAN 14-31 | Obesity | MX | CDMX,Cirujano Bariatra - Location,,0,0,,,0.0,0,
Cirujano Bariatrico,EXACT,ENABLED,JAN 14-31 | Obesity | MX | CDMX,Cirujano Bariatra - Location,,0,0,,,0.0,0,
Bariatra Cerca,PHRASE,ENABLED,JAN 14-31 | Obesity | MX | CDMX,Cirujano Bariatra - Location,,0,0,,,0.0,0,
Cirujano Bariatrico Cerca,PHRASE,ENABLED,JAN 14-31 | Obesity | MX | CDMX,Cirujano Bariatra - Location,,0,0,,,0.0,0,
Bariatra CDMX,EXACT,ENABLED,JAN 14-31 | Obesity | MX | CDMX,Cirujano Bariatra - Location,,0,0,,,0.0,0,
Bariatra Cerca,EXACT,ENABLED,JAN 14-31 | Obesity | MX | CDMX,Cirujano Bariatra - Location,,0,0,,,0.0,0,
Cirujano Bariatrico Cerca,EXACT,ENABLED,JAN 14-31 | Obesity | MX | CDMX,Cirujano Bariatra - Location,,0,0,,,0.0,0,
Endoscopia,EXACT,ENABLED,JAN 14-31 | Endoscopy | MX | CDMX,Endoscopy Only,,0,0,,,0.0,0,
endoscopía,PHRASE,ENABLED,JAN 14-31 | Endoscopy | MX | CDMX,Endoscopy Only,,0,0,,,0.0,0,
endoscopia precio,PHRASE,ENABLED,JAN 14-31 | Endoscopy | MX | CDMX,Endoscopy Only,,0,0,,,0.0,0,
endoscopia digestiva,PHRASE,ENABLED,JAN 14-31 | Endoscopy | MX | CDMX,Endoscopy Only,,0,0,,,0.0,0,
Endoscopia,PHRASE,ENABLED,JAN 14-31 | Endoscopy | MX | CDMX,Endoscopy Only,,0,0,,,0.0,0,
endoscopia gastrointestinal,EXACT,ENABLED,JAN 14-31 | Endoscopy | MX | CDMX,Endoscopy Only,,0,0,,,0.0,0,
endoscopia gastrointestinal,PHRASE,ENABLED,JAN 14-31 | Endoscopy | MX | CDMX,Endoscopy Only,,0,0,,,0.0,0,
panendoscopia,PHRASE,ENABLED,JAN 14-31 | Endoscopy | MX | CDMX,Endoscopy Only,,0,0,,,0.0,0,
panendoscopia,EXACT,ENABLED,JAN 14-31 | Endoscopy | MX | CDMX,Endoscopy Only,,0,0,,,0.0,0,
endoscopia con sedacion,PHRASE,ENABLED,JAN 14-31 | Endoscopy | MX | CDMX,Endoscopy Only,,0,0,,,0.0,0,
endoscopia baja,PHRASE,ENABLED,JAN 14-31 | Endoscopy | MX | CDMX,Endoscopy Only,,0,0,,,0.0,0,
endoscopia gastrointestinal precio,PHRASE,ENABLED,JAN 14-31 | Endoscopy | MX | CDMX,Endoscopy Only,,0,0,,,0.0,0,
endoscopia con sedacion,EXACT,ENABLED,JAN 14-31 | Endoscopy | MX | CDMX,Endoscopy Only,,0,0,,,0.0,0,
endoscopia baja,EXACT,ENABLED,JAN 14-31 | Endoscopy | MX | CDMX,Endoscopy Only,,0,0,,,0.0,0,
endoscopias economicas en cdmx,PHRASE,ENABLED,JAN 14-31 | Endoscopy | MX | CDMX,Endoscopy Only,,0,0,,,0.0,0,
Bypass Gastrico,EXACT,ENABLED,JAN 14-31 | Endoscopy | MX | CDMX,Bariatría Cirugia,,0,0,,,0.0,0,
Bypass Gastrico,PHRASE,ENABLED,JAN 14-31 | Endoscopy | MX | CDMX,Bariatría Cirugia,,0,0,,,0.0,0,
Balon Gastrico CDMX,PHRASE,ENABLED,JAN 14-31 | Endoscopy | MX | CDMX,Bariatría Cirugia,,0,0,,,0.0,0,
Manga Gastrica CDMX,PHRASE,ENABLED,JAN 14-31 | Endoscopy | MX | CDMX,Bariatría Cirugia,,0,0,,,0.0,0,
Balon Gastrico CDMX,EXACT,ENABLED,JAN 14-31 | Endoscopy | MX | CDMX,Bariatría Cirugia,,0,0,,,0.0,0,
Manga Gastrica CDMX,EXACT,ENABLED,JAN 14-31 | Endoscopy | MX | CDMX,Bariatría Cirugia,,0,0,,,0.0,0,
Cirugía Gástrica,EXACT,ENABLED,JAN 14-31 | Endoscopy | MX | CDMX,Keyword: Endoscopy,,0,0,,,0.0,0,
Manga Gástrica,PHRASE,ENABLED,JAN 14-31 | Endoscopy | MX | CDMX,Keyword: Endoscopy,,0,0,,,0.0,0,
Manga Gástrica,EXACT,ENABLED,JAN 14-31 | Endoscopy | MX | CDMX,Keyword: Endoscopy,,0,0,,,0.0,0,
Cirugía Gástrica,PHRASE,ENABLED,JAN 14-31 | Endoscopy | MX | CDMX,Keyword: Endoscopy,,0,0,,,0.0,0,
endoscopía,PHRASE,ENABLED,JAN 14-31 | Endoscopy | MX | CDMX,Endoscopy & Colonoscopy,,0,0,,,0.0,0,
endoscopia precio,PHRASE,ENABLED,JAN 14-31 | Endoscopy | MX | CDMX,Endoscopy & Colonoscopy,,0,0,,,0.0,0,
endoscopia digestiva,PHRASE,ENABLED,JAN 14-31 | Endoscopy | MX | CDMX,Endoscopy & Colonoscopy,,0,0,,,0.0,0,
estudio de colonoscopia,PHRASE,ENABLED,JAN 14-31 | Endoscopy | MX | CDMX,Endoscopy & Colonoscopy,,0,0,,,0.0,0,
colonoscopia virtual precio,PHRASE,ENABLED,JAN 14-31 | Endoscopy | MX | CDMX,Endoscopy & Colonoscopy,,0,0,,,0.0,0,
colonoscopia precio chopo,PHRASE,ENABLED,JAN 14-31 | Endoscopy | MX | CDMX,Endoscopy & Colonoscopy,,0,0,,,0.0,0,
endoscopia gastrointestinal precio,PHRASE,ENABLED,JAN 14-31 | Endoscopy | MX | CDMX,Endoscopy & Colonoscopy,,0,0,,,0.0,0,
colonoscopia chopo,PHRASE,ENABLED,JAN 14-31 | Endoscopy | MX | CDMX,Endoscopy & Colonoscopy,,0,0,,,0.0,0,
colonoscopia precio hospital angeles,PHRASE,ENABLED,JAN 14-31 | Endoscopy | MX | CDMX,Endoscopy & Colonoscopy,,0,0,,,0.0,0,
colonoscopia salud digna,PHRASE,ENABLED,JAN 14-31 | Endoscopy | MX | CDMX,Endoscopy & Colonoscopy,,0,0,,,0.0,0,
colonoscopia precio,PHRASE,ENABLED,JAN 14-31 | Endoscopy | MX | CDMX,Endoscopy & Colonoscopy,,0,0,,,0.0,0,
endoscopias economicas en cdmx,PHRASE,ENABLED,JAN 14-31 | Endoscopy | MX | CDMX,Endoscopy & Colonoscopy,,0,0,,,0.0,0,
Colonoscopia CDMX,PHRASE,ENABLED,JAN 14-31 | Endoscopy | MX | CDMX,Endoscopy & Colonoscopy,,0,0,,,0.0,0,
Endoscopia CDMX,PHRASE,ENABLED,JAN 14-31 | Endoscopy | MX | CDMX,Endoscopy & Colonoscopy,,0,0,,,0.0,0,
Colonoscopia CDMX,EXACT,ENABLED,JAN 14-31 | Endoscopy | MX | CDMX,Endoscopy & Colonoscopy,,0,0,,,0.0,0,
Endoscopia CDMX,EXACT,ENABLED,JAN 14-31 | Endoscopy | MX | CDMX,Endoscopy & Colonoscopy,,0,0,,,0.0,0,
Bariatra CDMX,PHRASE,ENABLED,JAN 14-31 | Endoscopy | MX | CDMX,Cirujano Bariatra - Location,,0,0,,,0.0,0,
Cirujano Bariatrico,PHRASE,ENABLED,JAN 14-31 | Endoscopy | MX | CDMX,Cirujano Bariatra - Location,,0,0,,,0.0,0,
Cirujano Bariatrico,EXACT,ENABLED,JAN 14-31 | Endoscopy | MX | CDMX,Cirujano Bariatra - Location,,0,0,,,0.0,0,
Bariatra Cerca,PHRASE,ENABLED,JAN 14-31 | Endoscopy | MX | CDMX,Cirujano Bariatra - Location,,0,0,,,0.0,0,
Cirujano Bariatrico Cerca,PHRASE,ENABLED,JAN 14-31 | Endoscopy | MX | CDMX,Cirujano Bariatra - Location,,0,0,,,0.0,0,
Bariatra CDMX,EXACT,ENABLED,JAN 14-31 | Endoscopy | MX | CDMX,Cirujano Bariatra - Location,,0,0,,,0.0,0,
Bariatra Cerca,EXACT,ENABLED,JAN 14-31 | Endoscopy | MX | CDMX,Cirujano Bariatra - Location,,0,0,,,0.0,0,
Cirujano Bariatrico Cerca,EXACT,ENABLED,JAN 14-31 | Endoscopy | MX | CDMX,Cirujano Bariatra - Location,,0,0,,,0.0,0,
Colonoscopia CDMX,PHRASE,ENABLED,JAN 1-14 | Leads | MX | CDMX,Endoscopy Colonoscopy,,0,0,,,0.0,0,
Endoscopia CDMX,PHRASE,ENABLED,JAN 1-14 | Leads | MX | CDMX,Endoscopy Colonoscopy,,0,0,,,0.0,0,
Colonoscopia CDMX,EXACT,ENABLED,JAN 1-14 | Leads | MX | CDMX,Endoscopy Colonoscopy,,0,0,,,0.0,0,
Endoscopia CDMX,EXACT,ENABLED,JAN 1-14 | Leads | MX | CDMX,Endoscopy Colonoscopy,,0,0,,,0.0,0,
endoscopia,EXACT,ENABLED,JAN 14-31 | Endoscopy | MX | CDMX,Keyword: Colo and Endo,,0,0,,,0.0,0,
colonoscopia,EXACT,ENABLED,JAN 14-31 | Endoscopy | MX | CDMX,Keyword: Colo and Endo,,0,0,,,0.0,0,
endoscopia,PHRASE,ENABLED,JAN 14-31 | Endoscopy | MX | CDMX,Keyword: Colo and Endo,,0,0,,,0.0,0,
colonoscopia,PHRASE,ENABLED,JAN 14-31 | Endoscopy | MX | CDMX,Keyword: Colo and Endo,,0,0,,,0.0,0,
panendoscopia,PHRASE,ENABLED,JAN 14-31 | Endoscopy | MX | CDMX,Keyword: Colo and Endo,,0,0,,,0.0,0,
panendoscopia,EXACT,ENABLED,JAN 14-31 | Endoscopy | MX | CDMX,Keyword: Colo and Endo,,0,0,,,0.0,0,
Bariatra CDMX,PHRASE,ENABLED,JAN 1-14 | Leads | MX | CDMX,Cirujano Bariatra - Location,,0,0,,,0.0,0,
Cirujano Bariatrico,PHRASE,ENABLED,JAN 1-14 | Leads | MX | CDMX,Cirujano Bariatra - Location,,0,0,,,0.0,0,
Cirujano Bariatrico,EXACT,ENABLED,JAN 1-14 | Leads | MX | CDMX,Cirujano Bariatra - Location,,0,0,,,0.0,0,
Bariatra Cerca,PHRASE,ENABLED,JAN 1-14 | Leads | MX | CDMX,Cirujano Bariatra - Location,,0,0,,,0.0,0,
Cirujano Bariatrico Cerca,PHRASE,ENABLED,JAN 1-14 | Leads | MX | CDMX,Cirujano Bariatra - Location,,0,0,,,0.0,0,
Bariatra CDMX,EXACT,ENABLED,JAN 1-14 | Leads | MX | CDMX,Cirujano Bariatra - Location,,0,0,,,0.0,0,
Bariatra Cerca,EXACT,ENABLED,JAN 1-14 | Leads | MX | CDMX,Cirujano Bariatra - Location,,0,0,,,0.0,0,
Cirujano Bariatrico Cerca,EXACT,ENABLED,JAN 1-14 | Leads | MX | CDMX,Cirujano Bariatra - Location,,0,0,,,0.0,0,
Bypass Gastrico,EXACT,ENABLED,APR 14-30 | Obesity | MX | Merida,Bariatría Cirugia,,0,0,,,0.0,0,
Bypass Gastrico,PHRASE,ENABLED,APR 14-30 | Obesity | MX | Merida,Bariatría Cirugia,,0,0,,,0.0,0,
Balon Gastrico CDMX,PHRASE,ENABLED,APR 14-30 | Obesity | MX | Merida,Bariatría Cirugia,,0,0,,,0.0,0,
Manga Gastrica CDMX,PHRASE,ENABLED,APR 14-30 | Obesity | MX | Merida,Bariatría Cirugia,,0,0,,,0.0,0,
Balon Gastrico CDMX,EXACT,ENABLED,APR 14-30 | Obesity | MX | Merida,Bariatría Cirugia,,0,0,,,0.0,0,
Manga Gastrica CDMX,EXACT,ENABLED,APR 14-30 | Obesity | MX | Merida,Bariatría Cirugia,,0,0,,,0.0,0,
Bariatra CDMX,PHRASE,ENABLED,APR 14-30 | Obesity | MX | Merida,Cirujano Bariatra - Location,,0,0,,,0.0,0,
Cirujano Bariatrico,PHRASE,ENABLED,APR 14-30 | Obesity | MX | Merida,Cirujano Bariatra - Location,,0,0,,,0.0,0,
Cirujano Bariatrico,EXACT,ENABLED,APR 14-30 | Obesity | MX | Merida,Cirujano Bariatra - Location,,0,0,,,0.0,0,
Bariatra Cerca,PHRASE,ENABLED,APR 14-30 | Obesity | MX | Merida,Cirujano Bariatra - Location,,0,0,,,0.0,0,
Cirujano Bariatrico Cerca,PHRASE,ENABLED,APR 14-30 | Obesity | MX | Merida,Cirujano Bariatra - Location,,0,0,,,0.0,0,
Bariatra CDMX,EXACT,ENABLED,APR 14-30 | Obesity | MX | Merida,Cirujano Bariatra - Location,,0,0,,,0.0,0,
Bariatra Cerca,EXACT,ENABLED,APR 14-30 | Obesity | MX | Merida,Cirujano Bariatra - Location,,0,0,,,0.0,0,
Cirujano Bariatrico Cerca,EXACT,ENABLED,APR 14-30 | Obesity | MX | Merida,Cirujano Bariatra - Location,,0,0,,,0.0,0,
Cirugía Gástrica,EXACT,ENABLED,APR 14-30 | Obesity | MX | Merida,Keyword: Manga,,0,0,,,0.0,0,
Bypass Gástrico,PHRASE,ENABLED,APR 14-30 | Obesity | MX | Merida,Keyword: Manga,,0,0,,,0.0,0,
Bypass Gástrico,EXACT,ENABLED,APR 14-30 | Obesity | MX | Merida,Keyword: Manga,,0,0,,,0.0,0,
Balón Gástrico,PHRASE,ENABLED,APR 14-30 | Obesity | MX | Merida,Keyword: Manga,,0,0,,,0.0,0,
Balón Intragástrico,PHRASE,ENABLED,APR 14-30 | Obesity | MX | Merida,Keyword: Manga,,0,0,,,0.0,0,
Manga Gástrica,PHRASE,ENABLED,APR 14-30 | Obesity | MX | Merida,Keyword: Manga,,0,0,,,0.0,0,
Balón Gástrico,EXACT,ENABLED,APR 14-30 | Obesity | MX | Merida,Keyword: Manga,,0,0,,,0.0,0,
Balón Intragástrico,EXACT,ENABLED,APR 14-30 | Obesity | MX | Merida,Keyword: Manga,,0,0,,,0.0,0,
Manga Gástrica,EXACT,ENABLED,APR 14-30 | Obesity | MX | Merida,Keyword: Manga,,0,0,,,0.0,0,
Balón Ingerible,PHRASE,ENABLED,APR 14-30 | Obesity | MX | Merida,Keyword: Manga,,0,0,,,0.0,0,
Cirugía Gástrica,PHRASE,ENABLED,APR 14-30 | Obesity | MX | Merida,Keyword: Manga,,0,0,,,0.0,0,
Globo Gástrico,PHRASE,ENABLED,APR 14-30 | Obesity | MX | Merida,Keyword: Manga,,0,0,,,0.0,0,
Balón Ingerible,EXACT,ENABLED,APR 14-30 | Obesity | MX | Merida,Keyword: Manga,,0,0,,,0.0,0,
Globo Gástrico,EXACT,ENABLED,APR 14-30 | Obesity | MX | Merida,Keyword: Manga,,0,0,,,0.0,0,
Colonoscopia,PHRASE,ENABLED,Endo & Colo - Merida,Colonoscopy Merida,,0,0,,,0.0,0,
examen de colonoscopia,PHRASE,ENABLED,Endo & Colo - Merida,Colonoscopy Merida,,0,0,,,0.0,0,
costo de colonoscopia,EXACT,ENABLED,Endo & Colo - Merida,Colonoscopy Merida,,0,0,,,0.0,0,
colonoscopia merida,EXACT,ENABLED,Endo & Colo - Merida,Colonoscopy Merida,,0,0,,,0.0,0,
endoscopía,PHRASE,ENABLED,Endo & Colo - Merida,Endoscopy Merida,,0,0,,,0.0,0,
endoscopia precio,PHRASE,ENABLED,Endo & Colo - Merida,Endoscopy Merida,,0,0,,,0.0,0,
costo de endoscopia,EXACT,ENABLED,Endo & Colo - Merida,Endoscopy Merida,,0,0,,,0.0,0,
endoscopia merida,EXACT,ENABLED,Endo & Colo - Merida,Endoscopy Merida,,0,0,,,0.0,0,
colonoscopia virtual,PHRASE,ENABLED,JAN 14-31 | Endoscopy | MX | CDMX,Colonoscopy Only,,0,0,,,0.0,0,
Colonoscopia,PHRASE,ENABLED,JAN 14-31 | Endoscopy | MX | CDMX,Colonoscopy Only,,0,0,,,0.0,0,
estudio de colonoscopia,PHRASE,ENABLED,JAN 14-31 | Endoscopy | MX | CDMX,Colonoscopy Only,,0,0,,,0.0,0,
examen de colonoscopia,PHRASE,ENABLED,JAN 14-31 | Endoscopy | MX | CDMX,Colonoscopy Only,,0,0,,,0.0,0,
colonoscopia virtual,EXACT,ENABLED,JAN 14-31 | Endoscopy | MX | CDMX,Colonoscopy Only,,0,0,,,0.0,0,
examen de colonoscopia,EXACT,ENABLED,JAN 14-31 | Endoscopy | MX | CDMX,Colonoscopy Only,,0,0,,,0.0,0,
colonoscopia virtual precio,PHRASE,ENABLED,JAN 14-31 | Endoscopy | MX | CDMX,Colonoscopy Only,,0,0,,,0.0,0,
colonoscopia laboratorios,PHRASE,ENABLED,JAN 14-31 | Endoscopy | MX | CDMX,Colonoscopy Only,,0,0,,,0.0,0,
colonoscopia particular,PHRASE,ENABLED,JAN 14-31 | Endoscopy | MX | CDMX,Colonoscopy Only,,0,0,,,0.0,0,
colonoscopia particular,EXACT,ENABLED,JAN 14-31 | Endoscopy | MX | CDMX,Colonoscopy Only,,0,0,,,0.0,0,
Colonoscopia,EXACT,ENABLED,JAN 14-31 | Endoscopy | MX | CDMX,Colonoscopy Only,,0,0,,,0.0,0,
colonoscopia laboratorios,EXACT,ENABLED,JAN 14-31 | Endoscopy | MX | CDMX,Colonoscopy Only,,0,0,,,0.0,0,
colonoscopia precio chopo,PHRASE,ENABLED,JAN 14-31 | Endoscopy | MX | CDMX,Colonoscopy Only,,0,0,,,0.0,0,
colonoscopia chopo,PHRASE,ENABLED,JAN 14-31 | Endoscopy | MX | CDMX,Colonoscopy Only,,0,0,,,0.0,0,
colonoscopia precio hospital angeles,PHRASE,ENABLED,JAN 14-31 | Endoscopy | MX | CDMX,Colonoscopy Only,,0,0,,,0.0,0,
colonoscopia salud digna,PHRASE,ENABLED,JAN 14-31 | Endoscopy | MX | CDMX,Colonoscopy Only,,0,0,,,0.0,0,
colonoscopia precio,PHRASE,ENABLED,JAN 14-31 | Endoscopy | MX | CDMX,Colonoscopy Only,,0,0,,,0.0,0,
endoscopias economicas en cdmx,PHRASE,ENABLED,JAN 14-31 | Endoscopy | MX | CDMX,Colonoscopy Only,,0,0,,,0.0,0,
Cirugía Gástrica,EXACT,ENABLED,APR 14-31 | Obesity | MX | CDMX,Keyword: Manga,,0,0,,,0.0,0,
Bypass Gástrico,PHRASE,ENABLED,APR 14-31 | Obesity | MX | CDMX,Keyword: Manga,,0,0,,,0.0,0,
Bypass Gástrico,EXACT,ENABLED,APR 14-31 | Obesity | MX | CDMX,Keyword: Manga,,0,0,,,0.0,0,
Balón Gástrico,PHRASE,ENABLED,APR 14-31 | Obesity | MX | CDMX,Keyword: Manga,,0,0,,,0.0,0,
Balón Intragástrico,PHRASE,ENABLED,APR 14-31 | Obesity | MX | CDMX,Keyword: Manga,,0,0,,,0.0,0,
Manga Gástrica,PHRASE,ENABLED,APR 14-31 | Obesity | MX | CDMX,Keyword: Manga,,0,0,,,0.0,0,
Balón Gástrico,EXACT,ENABLED,APR 14-31 | Obesity | MX | CDMX,Keyword: Manga,,0,0,,,0.0,0,
Balón Intragástrico,EXACT,ENABLED,APR 14-31 | Obesity | MX | CDMX,Keyword: Manga,,0,0,,,0.0,0,
Manga Gástrica,EXACT,ENABLED,APR 14-31 | Obesity | MX | CDMX,Keyword: Manga,,0,0,,,0.0,0,
Balón Ingerible,PHRASE,ENABLED,APR 14-31 | Obesity | MX | CDMX,Keyword: Manga,,0,0,,,0.0,0,
Cirugía Gástrica,PHRASE,ENABLED,APR 14-31 | Obesity | MX | CDMX,Keyword: Manga,,0,0,,,0.0,0,
Globo Gástrico,PHRASE,ENABLED,APR 14-31 | Obesity | MX | CDMX,Keyword: Manga,,0,0,,,0.0,0,
Balón Ingerible,EXACT,ENABLED,APR 14-31 | Obesity | MX | CDMX,Keyword: Manga,,0,0,,,0.0,0,
Globo Gástrico,EXACT,ENABLED,APR 14-31 | Obesity | MX | CDMX,Keyword: Manga,,0,0,,,0.0,0,
Bariatra CDMX,PHRASE,ENABLED,APR 14-31 | Obesity | MX | CDMX,Cirujano Bariatra - Location,,0,0,,,0.0,0,
Cirujano Bariatrico,PHRASE,ENABLED,APR 14-31 | Obesity | MX | CDMX,Cirujano Bariatra - Location,,0,0,,,0.0,0,
Cirujano Bariatrico,EXACT,ENABLED,APR 14-31 | Obesity | MX | CDMX,Cirujano Bariatra - Location,,0,0,,,0.0,0,
Bariatra Cerca,PHRASE,ENABLED,APR 14-31 | Obesity | MX | CDMX,Cirujano Bariatra - Location,,0,0,,,0.0,0,
Cirujano Bariatrico Cerca,PHRASE,ENABLED,APR 14-31 | Obesity | MX | CDMX,Cirujano Bariatra - Location,,0,0,,,0.0,0,
Bariatra CDMX,EXACT,ENABLED,APR 14-31 | Obesity | MX | CDMX,Cirujano Bariatra - Location,,0,0,,,0.0,0,
Bariatra Cerca,EXACT,ENABLED,APR 14-31 | Obesity | MX | CDMX,Cirujano Bariatra - Location,,0,0,,,0.0,0,
Cirujano Bariatrico Cerca,EXACT,ENABLED,APR 14-31 | Obesity | MX | CDMX,Cirujano Bariatra - Location,,0,0,,,0.0,0,
Bypass Gastrico,EXACT,ENABLED,APR 14-31 | Obesity | MX | CDMX,Bariatría Cirugia,,0,0,,,0.0,0,
Bypass Gastrico,PHRASE,ENABLED,APR 14-31 | Obesity | MX | CDMX,Bariatría Cirugia,,0,0,,,0.0,0,
Balon Gastrico CDMX,PHRASE,ENABLED,APR 14-31 | Obesity | MX | CDMX,Bariatría Cirugia,,0,0,,,0.0,0,
Manga Gastrica CDMX,PHRASE,ENABLED,APR 14-31 | Obesity | MX | CDMX,Bariatría Cirugia,,0,0,,,0.0,0,
Balon Gastrico CDMX,EXACT,ENABLED,APR 14-31 | Obesity | MX | CDMX,Bariatría Cirugia,,0,0,,,0.0,0,
Manga Gastrica CDMX,EXACT,ENABLED,APR 14-31 | Obesity | MX | CDMX,Bariatría Cirugia,,0,0,,,0.0,0,
Endoscopia,EXACT,ENABLED,APR 14-31 | Endoscopy | MX | CDMX,Endoscopy Only,,0,0,,,0.0,0,
endoscopía,PHRASE,ENABLED,APR 14-31 | Endoscopy | MX | CDMX,Endoscopy Only,,0,0,,,0.0,0,
endoscopia precio,PHRASE,ENABLED,APR 14-31 | Endoscopy | MX | CDMX,Endoscopy Only,,0,0,,,0.0,0,
endoscopia digestiva,PHRASE,ENABLED,APR 14-31 | Endoscopy | MX | CDMX,Endoscopy Only,,0,0,,,0.0,0,
Endoscopia,PHRASE,ENABLED,APR 14-31 | Endoscopy | MX | CDMX,Endoscopy Only,,0,0,,,0.0,0,
endoscopia gastrointestinal,EXACT,ENABLED,APR 14-31 | Endoscopy | MX | CDMX,Endoscopy Only,,0,0,,,0.0,0,
endoscopia gastrointestinal,PHRASE,ENABLED,APR 14-31 | Endoscopy | MX | CDMX,Endoscopy Only,,0,0,,,0.0,0,
panendoscopia,PHRASE,ENABLED,APR 14-31 | Endoscopy | MX | CDMX,Endoscopy Only,,0,0,,,0.0,0,
panendoscopia,EXACT,ENABLED,APR 14-31 | Endoscopy | MX | CDMX,Endoscopy Only,,0,0,,,0.0,0,
endoscopia con sedacion,PHRASE,ENABLED,APR 14-31 | Endoscopy | MX | CDMX,Endoscopy Only,,0,0,,,0.0,0,
endoscopia baja,PHRASE,ENABLED,APR 14-31 | Endoscopy | MX | CDMX,Endoscopy Only,,0,0,,,0.0,0,
endoscopia gastrointestinal precio,PHRASE,ENABLED,APR 14-31 | Endoscopy | MX | CDMX,Endoscopy Only,,0,0,,,0.0,0,
endoscopia con sedacion,EXACT,ENABLED,APR 14-31 | Endoscopy | MX | CDMX,Endoscopy Only,,0,0,,,0.0,0,
endoscopia baja,EXACT,ENABLED,APR 14-31 | Endoscopy | MX | CDMX,Endoscopy Only,,0,0,,,0.0,0,
endoscopias economicas en cdmx,PHRASE,ENABLED,APR 14-31 | Endoscopy | MX | CDMX,Endoscopy Only,,0,0,,,0.0,0,
colonoscopia virtual,PHRASE,ENABLED,APR 14-31 | Endoscopy | MX | CDMX,Colonoscopy Only,,0,0,,,0.0,0,
Colonoscopia,PHRASE,ENABLED,APR 14-31 | Endoscopy | MX | CDMX,Colonoscopy Only,,0,0,,,0.0,0,
estudio de colonoscopia,PHRASE,ENABLED,APR 14-31 | Endoscopy | MX | CDMX,Colonoscopy Only,,0,0,,,0.0,0,
examen de colonoscopia,PHRASE,ENABLED,APR 14-31 | Endoscopy | MX | CDMX,Colonoscopy Only,,0,0,,,0.0,0,
colonoscopia virtual,EXACT,ENABLED,APR 14-31 | Endoscopy | MX | CDMX,Colonoscopy Only,,0,0,,,0.0,0,
examen de colonoscopia,EXACT,ENABLED,APR 14-31 | Endoscopy | MX | CDMX,Colonoscopy Only,,0,0,,,0.0,0,
colonoscopia virtual precio,PHRASE,ENABLED,APR 14-31 | Endoscopy | MX | CDMX,Colonoscopy Only,,0,0,,,0.0,0,
colonoscopia laboratorios,PHRASE,ENABLED,APR 14-31 | Endoscopy | MX | CDMX,Colonoscopy Only,,0,0,,,0.0,0,
colonoscopia particular,PHRASE,ENABLED,APR 14-31 | Endoscopy | MX | CDMX,Colonoscopy Only,,0,0,,,0.0,0,
colonoscopia particular,EXACT,ENABLED,APR 14-31 | Endoscopy | MX | CDMX,Colonoscopy Only,,0,0,,,0.0,0,
Colonoscopia,EXACT,ENABLED,APR 14-31 | Endoscopy | MX | CDMX,Colonoscopy Only,,0,0,,,0.0,0,
colonoscopia laboratorios,EXACT,ENABLED,APR 14-31 | Endoscopy | MX | CDMX,Colonoscopy Only,,0,0,,,0.0,0,
colonoscopia precio chopo,PHRASE,ENABLED,APR 14-31 | Endoscopy | MX | CDMX,Colonoscopy Only,,0,0,,,0.0,0,
colonoscopia chopo,PHRASE,ENABLED,APR 14-31 | Endoscopy | MX | CDMX,Colonoscopy Only,,0,0,,,0.0,0,
colonoscopia precio hospital angeles,PHRASE,ENABLED,APR 14-31 | Endoscopy | MX | CDMX,Colonoscopy Only,,0,0,,,0.0,0,
colonoscopia salud digna,PHRASE,ENABLED,APR 14-31 | Endoscopy | MX | CDMX,Colonoscopy Only,,0,0,,,0.0,0,
colonoscopia precio,PHRASE,ENABLED,APR 14-31 | Endoscopy | MX | CDMX,Colonoscopy Only,,0,0,,,0.0,0,
endoscopias economicas en cdmx,PHRASE,ENABLED,APR 14-31 | Endoscopy | MX | CDMX,Colonoscopy Only,,0,0,,,0.0,0,
CPRE,BROAD,ENABLED,Endo & Colo - Merida,CPRE Merida July 2025,,0,0,,,0.0,0,
endoscopia,PHRASE,PAUSED,Endo & Colo - Merida,CPRE Merida July 2025,,0,0,,,0.0,0,
costo de endoscopia,EXACT,PAUSED,Endo & Colo - Merida,CPRE Merida July 2025,,0,0,,,0.0,0,
cpre,PHRASE,PAUSED,Endo & Colo - Merida,CPRE Merida July 2025,,0,0,,,0.0,0,
colangiopancreatografia,PHRASE,ENABLED,Endo & Colo - Merida,CPRE Merida July 2025,,0,0,,,0.0,0,
colangiopancreatografia,EXACT,ENABLED,Endo & Colo - Merida,CPRE Merida July 2025,,0,0,,,0.0,0,
estudio cepre,BROAD,ENABLED,Endo & Colo - Merida,CPRE Merida July 2025,,0,0,,,0.0,0,
colangiopancreatografia,BROAD,ENABLED,Endo & Colo - Merida,CPRE Merida July 2025,,0,0,,,0.0,0,
colangiopancreatografia endoscopica,EXACT,ENABLED,Endo & Colo - Merida,CPRE Merida July 2025,,0,0,,,0.0,0,
colangiopancreatografía endoscópica,BROAD,ENABLED,Endo & Colo - Merida,CPRE Merida July 2025,,0,0,,,0.0,0,
obstruccion via biliar,BROAD,ENABLED,Endo & Colo - Merida,CPRE Merida July 2025,,0,0,,,0.0,0,
ERCP procedure cost,PHRASE,ENABLED,Endo & Colo - Merida,CPRE Merida July 2025,,0,0,,,0.0,0,
cpre merida,BROAD,ENABLED,Endo & Colo - Merida,CPRE Merida July 2025,,0,0,,,0.0,0,
CPRE urgente,PHRASE,ENABLED,Endo & Colo - Merida,CPRE Merida July 2025,,0,0,,,0.0,0,
CPRE hospital amerimed,EXACT,PAUSED,Endo & Colo - Merida,CPRE Merida July 2025,,0,0,,,0.0,0,
cpre hospital amerimed,PHRASE,PAUSED,Endo & Colo - Merida,CPRE Merida July 2025,,0,0,,,0.0,0,
colangiopancreatografía retrograda,PHRASE,ENABLED,Endo & Colo - Merida,CPRE Merida July 2025,,0,0,,,0.0,0,
CPRE merida,EXACT,ENABLED,Endo & Colo - Merida,CPRE Merida July 2025,,0,0,,,0.0,0,
problemas biliares merida,PHRASE,PAUSED,Endo & Colo - Merida,CPRE Merida July 2025,,0,0,,,0.0,0,
CPRE hospital amerimed,PHRASE,PAUSED,Endo & Colo - Merida,CPRE Merida July 2025,,0,0,,,0.0,0,
cálculos biliares endoscopia,PHRASE,PAUSED,Endo & Colo - Merida,CPRE Merida July 2025,,0,0,,,0.0,0,
obstruccion via biliar,PHRASE,ENABLED,Endo & Colo - Merida,CPRE Merida July 2025,,0,0,,,0.0,0,
extracción de cálculos biliares,PHRASE,ENABLED,Endo & Colo - Merida,CPRE Merida July 2025,,0,0,,,0.0,0,
CPRE mexico,PHRASE,ENABLED,Endo & Colo - Merida,CPRE Merida July 2025,,0,0,,,0.0,0,
CPRE yucatan,PHRASE,PAUSED,Endo & Colo - Merida,CPRE Merida July 2025,,0,0,,,0.0,0,
extraccion de calculos merida,PHRASE,ENABLED,Endo & Colo - Merida,CPRE Merida July 2025,,0,0,,,0.0,0,
CPRE en Merida,PHRASE,ENABLED,Endo & Colo - Merida,CPRE Merida July 2025,,0,0,,,0.0,0,
precio CPRE,PHRASE,ENABLED,Endo & Colo - Merida,CPRE Merida July 2025,,0,0,,,0.0,0,
ERCP merida,PHRASE,ENABLED,Endo & Colo - Merida,CPRE Merida July 2025,,0,0,,,0.0,0,
CPRE en merida,PHRASE,ENABLED,Endo & Colo - Merida,CPRE Merida July 2025,,0,0,,,0.0,0,
obstruccion biliar endoscopia,PHRASE,ENABLED,Endo & Colo - Merida,CPRE Merida July 2025,,0,0,,,0.0,0,
endoscopia digestiva alta,PHRASE,ENABLED,Endoscopia,Endoscopia - Calls Only,,0,0,,,0.0,0,
endoscopia precio,EXACT,ENABLED,Endoscopia,Endoscopia - Calls Only,,0,0,,,0.0,0,
endoscopia con sedacion,PHRASE,ENABLED,Endoscopia,Endoscopia - Calls Only,,0,0,,,0.0,0,
endoscopia merida,EXACT,ENABLED,Endoscopia,Endoscopia - Calls Only,,0,0,,,0.0,0,
endoscopia precio merida,EXACT,ENABLED,Endoscopia,Endoscopia - Calls Only,,0,0,,,0.0,0,
endoscopia precio merida,PHRASE,ENABLED,Endoscopia,Endoscopia - Calls Only,,0,0,,,0.0,0,
endoscopia en merida,PHRASE,ENABLED,Endoscopia,Endoscopia - Calls Only,,0,0,,,0.0,0,
dolor estomago endoscopia,PHRASE,ENABLED,Endoscopia,Endoscopia - Calls Only,,0,0,,,0.0,0,
acidez estomacal endoscopia,PHRASE,ENABLED,Endoscopia,Endoscopia - Calls Only,,0,0,,,0.0,0,
endoscopia costo en merida,PHRASE,ENABLED,Endoscopia,Endoscopia - Calls Only,,0,0,,,0.0,0,
endoscopia costo merida,EXACT,ENABLED,Endoscopia,Endoscopia - Calls Only,,0,0,,,0.0,0,
endoscopia precio en merida,PHRASE,ENABLED,Endoscopia,Endoscopia - Calls Only,,0,0,,,0.0,0,
endoscopia costo merida,PHRASE,ENABLED,Endoscopia,Endoscopia - Calls Only,,0,0,,,0.0,0,
reflujo endoscopia,PHRASE,ENABLED,Endoscopia,Endoscopia - Calls Only,,0,0,,,0.0,0,
endoscopia digestiva alta merida,EXACT,ENABLED,Endoscopia,Endoscopia - Calls Only,,0,0,,,0.0,0,
endoscopia privada merida,EXACT,ENABLED,Endoscopia,Endoscopia - Calls Only,,0,0,,,0.0,0,
bypass gástrico,PHRASE,PAUSED,JULY - Bariatric Test - MX - Merida,Manga Gastrica Merida July 2025,,0,0,,,0.0,0,
balón gástrico,PHRASE,PAUSED,JULY - Bariatric Test - MX - Merida,Manga Gastrica Merida July 2025,,0,0,,,0.0,0,
manga gastrica,PHRASE,ENABLED,JULY - Bariatric Test - MX - Merida,Manga Gastrica Merida July 2025,,0,0,,,0.0,0,
manga gástrica,PHRASE,PAUSED,JULY - Bariatric Test - MX - Merida,Manga Gastrica Merida July 2025,,0,0,,,0.0,0,
cirugía para bajar de peso,PHRASE,PAUSED,JULY - Bariatric Test - MX - Merida,Manga Gastrica Merida July 2025,,0,0,,,0.0,0,
cirugía bariátrica,PHRASE,PAUSED,JULY - Bariatric Test - MX - Merida,Manga Gastrica Merida July 2025,,0,0,,,0.0,0,
operación para bajar de peso,PHRASE,PAUSED,JULY - Bariatric Test - MX - Merida,Manga Gastrica Merida July 2025,,0,0,,,0.0,0,
cirugía para perder peso,PHRASE,PAUSED,JULY - Bariatric Test - MX - Merida,Manga Gastrica Merida July 2025,,0,0,,,0.0,0,
cirugía bariátrica mérida,EXACT,PAUSED,JULY - Bariatric Test - MX - Merida,Manga Gastrica Merida July 2025,,0,0,,,0.0,0,
manga gastrica merida,EXACT,ENABLED,JULY - Bariatric Test - MX - Merida,Manga Gastrica Merida July 2025,,0,0,,,0.0,0,
cirugía pérdida de peso,PHRASE,PAUSED,JULY - Bariatric Test - MX - Merida,Manga Gastrica Merida July 2025,,0,0,,,0.0,0,
costo cirugía bariátrica,PHRASE,PAUSED,JULY - Bariatric Test - MX - Merida,Manga Gastrica Merida July 2025,,0,0,,,0.0,0,
bypass gástrico mérida,EXACT,PAUSED,JULY - Bariatric Test - MX - Merida,Manga Gastrica Merida July 2025,,0,0,,,0.0,0,
cirugía adelgazar,PHRASE,PAUSED,JULY - Bariatric Test - MX - Merida,Manga Gastrica Merida July 2025,,0,0,,,0.0,0,
cirugía bariátrica mérida,PHRASE,PAUSED,JULY - Bariatric Test - MX - Merida,Manga Gastrica Merida July 2025,,0,0,,,0.0,0,
manga gástrica mérida,EXACT,PAUSED,JULY - Bariatric Test - MX - Merida,Manga Gastrica Merida July 2025,,0,0,,,0.0,0,
hernia inguinal,PHRASE,ENABLED,General Surgery Test | JULY | MX | Merida,Hernia Inguinal Merida July 2025,,0,0,,,0.0,0,
cirugia hernia laparoscopica,PHRASE,ENABLED,General Surgery Test | JULY | MX | Merida,Hernia Inguinal Merida July 2025,,0,0,,,0.0,0,
cirugía hernia inguinal,PHRASE,ENABLED,General Surgery Test | JULY | MX | Merida,Hernia Inguinal Merida July 2025,,0,0,,,0.0,0,
hernia inguinal mérida,EXACT,ENABLED,General Surgery Test | JULY | MX | Merida,Hernia Inguinal Merida July 2025,,0,0,,,0.0,0,
hernia inguinal merida,EXACT,ENABLED,General Surgery Test | JULY | MX | Merida,Hernia Inguinal Merida July 2025,,0,0,,,0.0,0,
cirujano hernia merida,PHRASE,ENABLED,General Surgery Test | JULY | MX | Merida,Hernia Inguinal Merida July 2025,,0,0,,,0.0,0,
hernia ventral,PHRASE,ENABLED,General Surgery Test | JULY | MX | Merida,Hernia Ventral Merida July 2025,,0,0,,,0.0,0,
hernia ventral mérida,EXACT,ENABLED,General Surgery Test | JULY | MX | Merida,Hernia Ventral Merida July 2025,,0,0,,,0.0,0,
hernia ventral merida,EXACT,ENABLED,General Surgery Test | JULY | MX | Merida,Hernia Ventral Merida July 2025,,0,0,,,0.0,0,
reparación hernia ventral,PHRASE,ENABLED,General Surgery Test | JULY | MX | Merida,Hernia Ventral Merida July 2025,,0,0,,,0.0,0,
vesícula biliar,PHRASE,ENABLED,General Surgery Test | JULY | MX | Merida,Vesicula Biliar Merida July 2025,,0,0,,,0.0,0,
cirugia laparoscopica vesicula,PHRASE,ENABLED,General Surgery Test | JULY | MX | Merida,Vesicula Biliar Merida July 2025,,0,0,,,0.0,0,
operación vesícula,PHRASE,ENABLED,General Surgery Test | JULY | MX | Merida,Vesicula Biliar Merida July 2025,,0,0,,,0.0,0,
vesícula biliar mérida,EXACT,ENABLED,General Surgery Test | JULY | MX | Merida,Vesicula Biliar Merida July 2025,,0,0,,,0.0,0,
vesicula biliar merida,EXACT,ENABLED,General Surgery Test | JULY | MX | Merida,Vesicula Biliar Merida July 2025,,0,0,,,0.0,0,
cirujano vesicula merida,PHRASE,ENABLED,General Surgery Test | JULY | MX | Merida,Vesicula Biliar Merida July 2025,,0,0,,,0.0,0,
colecistectomía,PHRASE,ENABLED,General Surgery Test | JULY | MX | Merida,Colecistectomia Merida July 2025,,0,0,,,0.0,0,
cirugía vesícula biliar,PHRASE,ENABLED,General Surgery Test | JULY | MX | Merida,Colecistectomia Merida July 2025,,0,0,,,0.0,0,
colecistectomía mérida,EXACT,ENABLED,General Surgery Test | JULY | MX | Merida,Colecistectomia Merida July 2025,,0,0,,,0.0,0,
colecistectomia merida,EXACT,ENABLED,General Surgery Test | JULY | MX | Merida,Colecistectomia Merida July 2025,,0,0,,,0.0,0,
endoscopia,PHRASE,ENABLED,Endo & Colo - Merida,Endoscopia Merida July 2025,,0,0,,,0.0,0,
endoscopia precio,PHRASE,ENABLED,Endo & Colo - Merida,Endoscopia Merida July 2025,,0,0,,,0.0,0,
endoscopia digestiva,PHRASE,ENABLED,Endo & Colo - Merida,Endoscopia Merida July 2025,,0,0,,,0.0,0,
costo de endoscopia,EXACT,ENABLED,Endo & Colo - Merida,Endoscopia Merida July 2025,,0,0,,,0.0,0,
cpre,PHRASE,PAUSED,Endo & Colo - Merida,Endoscopia Merida July 2025,,0,0,,,0.0,0,
panendoscopia,PHRASE,ENABLED,Endo & Colo - Merida,Endoscopia Merida July 2025,,0,0,,,0.0,0,
centro endoscopia,PHRASE,ENABLED,Endo & Colo - Merida,Endoscopia Merida July 2025,,0,0,,,0.0,0,
endoscopia diagnostica,PHRASE,ENABLED,Endo & Colo - Merida,Endoscopia Merida July 2025,,0,0,,,0.0,0,
endoscopia con sedacion,PHRASE,ENABLED,Endo & Colo - Merida,Endoscopia Merida July 2025,,0,0,,,0.0,0,
centro endoscopico,PHRASE,ENABLED,Endo & Colo - Merida,Endoscopia Merida July 2025,,0,0,,,0.0,0,
cuanto cuesta una endoscopia,EXACT,ENABLED,Endo & Colo - Merida,Endoscopia Merida July 2025,,0,0,,,0.0,0,
endoscopia merida,BROAD,ENABLED,Endo & Colo - Merida,Endoscopia Merida July 2025,,0,0,,,0.0,0,
endoscopia merida,EXACT,ENABLED,Endo & Colo - Merida,Endoscopia Merida July 2025,,0,0,,,0.0,0,
endoscopia chopo,PHRASE,ENABLED,Endo & Colo - Merida,Endoscopia Merida July 2025,,0,0,,,0.0,0,
endoscopia salud digna,PHRASE,ENABLED,Endo & Colo - Merida,Endoscopia Merida July 2025,,0,0,,,0.0,0,
endoscopia merida,PHRASE,ENABLED,Endo & Colo - Merida,Endoscopia Merida July 2025,,0,0,,,0.0,0,
centro endoscopico del sureste,PHRASE,ENABLED,Endo & Colo - Merida,Endoscopia Merida July 2025,,0,0,,,0.0,0,
endoscopia costo,PHRASE,ENABLED,Endo & Colo - Merida,Endoscopia Merida July 2025,,0,0,,,0.0,0,
endoscopia precio merida,EXACT,ENABLED,Endo & Colo - Merida,Endoscopia Merida July 2025,,0,0,,,0.0,0,
colangiopancreatografía endoscópica,PHRASE,PAUSED,Endo & Colo - Merida,Endoscopia Merida July 2025,,0,0,,,0.0,0,
problemas biliares merida,PHRASE,PAUSED,Endo & Colo - Merida,Endoscopia Merida July 2025,,0,0,,,0.0,0,
CPRE hospital amerimed,PHRASE,PAUSED,Endo & Colo - Merida,Endoscopia Merida July 2025,,0,0,,,0.0,0,
cálculos biliares endoscopia,PHRASE,PAUSED,Endo & Colo - Merida,Endoscopia Merida July 2025,,0,0,,,0.0,0,
CPRE yucatan,PHRASE,PAUSED,Endo & Colo - Merida,Endoscopia Merida July 2025,,0,0,,,0.0,0,
costo endoscopia merida,PHRASE,PAUSED,Endo & Colo - Merida,Endoscopia Merida July 2025,,0,0,,,0.0,0,
varices esofagicas,PHRASE,ENABLED,Advanced Endoscopy July 2025,Ligadura Varices,,0,0,,,0.0,0,
ligadura varices esofagicas,EXACT,ENABLED,Advanced Endoscopy July 2025,Ligadura Varices,,0,0,,,0.0,0,
ligadura varices merida,EXACT,ENABLED,Advanced Endoscopy July 2025,Ligadura Varices,,0,0,,,0.0,0,
ligadura varices,PHRASE,ENABLED,Advanced Endoscopy July 2025,Ligadura Varices,,0,0,,,0.0,0,
varices esofagicas merida,EXACT,ENABLED,Advanced Endoscopy July 2025,Ligadura Varices,,0,0,,,0.0,0,
sangrado varices merida,EXACT,ENABLED,Advanced Endoscopy July 2025,Ligadura Varices,,0,0,,,0.0,0,
emergencia varices merida,EXACT,ENABLED,Advanced Endoscopy July 2025,Ligadura Varices,,0,0,,,0.0,0,
sangrado varices,PHRASE,ENABLED,Advanced Endoscopy July 2025,Ligadura Varices,,0,0,,,0.0,0,
cpre merida,EXACT,ENABLED,Advanced Endoscopy July 2025,CPRE,,0,0,,,0.0,0,
endoscopia vias biliares merida,EXACT,ENABLED,Advanced Endoscopy July 2025,CPRE,,0,0,,,0.0,0,
endoscopia pancreas merida,EXACT,ENABLED,Advanced Endoscopy July 2025,CPRE,,0,0,,,0.0,0,
calculos biliares endoscopia,EXACT,ENABLED,Advanced Endoscopy July 2025,CPRE,,0,0,,,0.0,0,
cpre urgente,PHRASE,ENABLED,Advanced Endoscopy July 2025,CPRE,,0,0,,,0.0,0,
dolor estomago endoscopia,PHRASE,ENABLED,Endoscopia,Endoscopy - Symptom,,0,0,,,0.0,0,
acidez estomacal endoscopia,PHRASE,ENABLED,Endoscopia,Endoscopy - Symptom,,0,0,,,0.0,0,
refujo endoscopia,PHRASE,ENABLED,Endoscopia,Endoscopy - Symptom,,0,0,,,0.0,0,
cálculos biliares,PHRASE,PAUSED,CPRE,CPRE - Core,,0,0,,,0.0,0,
calculos biliares,PHRASE,PAUSED,CPRE,CPRE - Core,,0,0,,,0.0,0,
vias biliares,PHRASE,PAUSED,CPRE,CPRE - Core,,0,0,,,0.0,0,
litiasis biliar,PHRASE,PAUSED,CPRE,CPRE - Core,,0,0,,,0.0,0,
obstruccion biliar,PHRASE,PAUSED,CPRE,CPRE - Core,,0,0,,,0.0,0,
piedras en vesicula,PHRASE,PAUSED,CPRE,CPRE - Core,,0,0,,,0.0,0,
costo cpre,EXACT,PAUSED,CPRE,CPRE - Core,,0,0,,,0.0,0,
estudio cpre,EXACT,PAUSED,CPRE,CPRE - Core,,0,0,,,0.0,0,
estudio cpre,PHRASE,PAUSED,CPRE,CPRE - Core,,0,0,,,0.0,0,
cpre precio,PHRASE,PAUSED,CPRE,CPRE - Core,,0,0,,,0.0,0,
piedras en vesícula,PHRASE,PAUSED,CPRE,CPRE - Core,,0,0,,,0.0,0,
estudio cepre,PHRASE,PAUSED,CPRE,CPRE - Core,,0,0,,,0.0,0,
obstrucción biliar,PHRASE,PAUSED,CPRE,CPRE - Core,,0,0,,,0.0,0,
costo cpre,PHRASE,PAUSED,CPRE,CPRE - Core,,0,0,,,0.0,0,
estudio cepre,EXACT,PAUSED,CPRE,CPRE - Core,,0,0,,,0.0,0,
cpre particular,PHRASE,PAUSED,CPRE,CPRE - Core,,0,0,,,0.0,0,
vías biliares,PHRASE,PAUSED,CPRE,CPRE - Core,,0,0,,,0.0,0,
spyglass cpre,EXACT,PAUSED,CPRE,CPRE - Core,,0,0,,,0.0,0,
cpre precio merida,EXACT,PAUSED,CPRE,CPRE - Core,,0,0,,,0.0,0,
cpre con sedacion,PHRASE,PAUSED,CPRE,CPRE - Core,,0,0,,,0.0,0,
spyglass cpre,PHRASE,PAUSED,CPRE,CPRE - Core,,0,0,,,0.0,0,
ercp merida,EXACT,PAUSED,CPRE,CPRE - Core,,0,0,,,0.0,0,
cpre en merida yucatan,PHRASE,PAUSED,CPRE,CPRE - Core,,0,0,,,0.0,0,
cpre salud digna,PHRASE,PAUSED,CPRE,CPRE - Core,,0,0,,,0.0,0,
hernia inguinal,PHRASE,ENABLED,Cirugia Hernia,Cirugia Hernia,,0,0,,,0.0,0,
hernia umbilical,PHRASE,ENABLED,Cirugia Hernia,Cirugia Hernia,,0,0,,,0.0,0,
cirugia hernia umbilical,EXACT,ENABLED,Cirugia Hernia,Cirugia Hernia,,0,0,,,0.0,0,
operacion hernia inguinal,EXACT,ENABLED,Cirugia Hernia,Cirugia Hernia,,0,0,,,0.0,0,
cirugia hernia umbilical,PHRASE,ENABLED,Cirugia Hernia,Cirugia Hernia,,0,0,,,0.0,0,
operacion hernia inguinal,PHRASE,ENABLED,Cirugia Hernia,Cirugia Hernia,,0,0,,,0.0,0,
hernia laparoscopica,PHRASE,ENABLED,Cirugia Hernia,Cirugia Hernia,,0,0,,,0.0,0,
precio operacion hernia,PHRASE,ENABLED,Cirugia Hernia,Cirugia Hernia,,0,0,,,0.0,0,
hernia umbilical precio,EXACT,ENABLED,Cirugia Hernia,Cirugia Hernia,,0,0,,,0.0,0,
costo cirugia hernia,EXACT,ENABLED,Cirugia Hernia,Cirugia Hernia,,0,0,,,0.0,0,
hernia inguinal precio,EXACT,ENABLED,Cirugia Hernia,Cirugia Hernia,,0,0,,,0.0,0,
operacion hernia precio,EXACT,ENABLED,Cirugia Hernia,Cirugia Hernia,,0,0,,,0.0,0,
costo cirugia hernia,PHRASE,ENABLED,Cirugia Hernia,Cirugia Hernia,,0,0,,,0.0,0,
cirugia hernia merida,EXACT,ENABLED,Cirugia Hernia,Cirugia Hernia,,0,0,,,0.0,0,
hernia inguinal merida,EXACT,ENABLED,Cirugia Hernia,Cirugia Hernia,,0,0,,,0.0,0,
cuanto cuesta operacion hernia,PHRASE,ENABLED,Cirugia Hernia,Cirugia Hernia,,0,0,,,0.0,0,
cuanto cuesta cirugia hernia,PHRASE,ENABLED,Cirugia Hernia,Cirugia Hernia,,0,0,,,0.0,0,
precio cirugia hernia mexico,PHRASE,ENABLED,Cirugia Hernia,Cirugia Hernia,,0,0,,,0.0,0,
balon gastrico,PHRASE,ENABLED,JULY - Bariatric Test - MX - Merida,Balon Gastrico Merida July 2025,,0,0,,,0.0,0,
balón gástrico,PHRASE,PAUSED,JULY - Bariatric Test - MX - Merida,Balon Gastrico Merida July 2025,,0,0,,,0.0,0,
balon gastrico merida,EXACT,ENABLED,JULY - Bariatric Test - MX - Merida,Balon Gastrico Merida July 2025,,0,0,,,0.0,0,
balón gástrico mérida,EXACT,PAUSED,JULY - Bariatric Test - MX - Merida,Balon Gastrico Merida July 2025,,0,0,,,0.0,0,
colonoscopia,BROAD,ENABLED,Endo & Colo - Merida,Colonoscopia Merida July 2025,,0,0,,,0.0,0,
examen de colonoscopia,PHRASE,ENABLED,Endo & Colo - Merida,Colonoscopia Merida July 2025,,0,0,,,0.0,0,
costo de colonoscopia,EXACT,ENABLED,Endo & Colo - Merida,Colonoscopia Merida July 2025,,0,0,,,0.0,0,
colonoscopia chopo,PHRASE,ENABLED,Endo & Colo - Merida,Colonoscopia Merida July 2025,,0,0,,,0.0,0,
colonoscopia salud digna,PHRASE,ENABLED,Endo & Colo - Merida,Colonoscopia Merida July 2025,,0,0,,,0.0,0,
colonoscopia costo,PHRASE,ENABLED,Endo & Colo - Merida,Colonoscopia Merida July 2025,,0,0,,,0.0,0,
colonoscopia precio,PHRASE,ENABLED,Endo & Colo - Merida,Colonoscopia Merida July 2025,,0,0,,,0.0,0,
costo colonoscopia,PHRASE,ENABLED,Endo & Colo - Merida,Colonoscopia Merida July 2025,,0,0,,,0.0,0,
colonoscopia merida,EXACT,ENABLED,Endo & Colo - Merida,Colonoscopia Merida July 2025,,0,0,,,0.0,0,
colonoscopia merida,BROAD,ENABLED,Endo & Colo - Merida,Colonoscopia Merida July 2025,,0,0,,,0.0,0,
colonoscopia merida,PHRASE,ENABLED,Endo & Colo - Merida,Colonoscopia Merida July 2025,,0,0,,,0.0,0,
endoscopia precio,PHRASE,PAUSED,Endoscopia,Endoscopy - Pricing,,0,0,,,0.0,0,
precio endoscopia,PHRASE,PAUSED,Endoscopia,Endoscopy - Pricing,,0,0,,,0.0,0,
costo endoscopia,PHRASE,PAUSED,Endoscopia,Endoscopy - Pricing,,0,0,,,0.0,0,
endoscopia precio merida,EXACT,PAUSED,Endoscopia,Endoscopy - Pricing,,0,0,,,0.0,0,
precio endoscopia merida,PHRASE,PAUSED,Endoscopia,Endoscopy - Pricing,,0,0,,,0.0,0,
endoscopia costo en merida,PHRASE,PAUSED,Endoscopia,Endoscopy - Pricing,,0,0,,,0.0,0,
endoscopia costo merida,EXACT,PAUSED,Endoscopia,Endoscopy - Pricing,,0,0,,,0.0,0,
endoscopia precio en merida,PHRASE,PAUSED,Endoscopia,Endoscopy - Pricing,,0,0,,,0.0,0,
costo endoscopia merida,PHRASE,PAUSED,Endoscopia,Endoscopy - Pricing,,0,0,,,0.0,0,
bypass gastrico,PHRASE,ENABLED,JULY - Bariatric Test - MX - Merida,Bypass Gastrico Merida July 2025,,0,0,,,0.0,0,
bypass gástrico,PHRASE,PAUSED,JULY - Bariatric Test - MX - Merida,Bypass Gastrico Merida July 2025,,0,0,,,0.0,0,
cirugía para bajar de peso,PHRASE,PAUSED,JULY - Bariatric Test - MX - Merida,Bypass Gastrico Merida July 2025,,0,0,,,0.0,0,
cirugía bariátrica,PHRASE,ENABLED,JULY - Bariatric Test - MX - Merida,Bypass Gastrico Merida July 2025,,0,0,,,0.0,0,
cirugía obesidad,PHRASE,PAUSED,JULY - Bariatric Test - MX - Merida,Bypass Gastrico Merida July 2025,,0,0,,,0.0,0,
operación para bajar de peso,PHRASE,PAUSED,JULY - Bariatric Test - MX - Merida,Bypass Gastrico Merida July 2025,,0,0,,,0.0,0,
cirugía para perder peso,PHRASE,ENABLED,JULY - Bariatric Test - MX - Merida,Bypass Gastrico Merida July 2025,,0,0,,,0.0,0,
bypass gastrico merida,EXACT,ENABLED,JULY - Bariatric Test - MX - Merida,Bypass Gastrico Merida July 2025,,0,0,,,0.0,0,
cirugía bajar de peso,PHRASE,PAUSED,JULY - Bariatric Test - MX - Merida,Bypass Gastrico Merida July 2025,,0,0,,,0.0,0,
operación adelgazar,PHRASE,PAUSED,JULY - Bariatric Test - MX - Merida,Bypass Gastrico Merida July 2025,,0,0,,,0.0,0,
cirugía de bajar de peso,PHRASE,PAUSED,JULY - Bariatric Test - MX - Merida,Bypass Gastrico Merida July 2025,,0,0,,,0.0,0,
cirugía pérdida de peso,PHRASE,PAUSED,JULY - Bariatric Test - MX - Merida,Bypass Gastrico Merida July 2025,,0,0,,,0.0,0,
costo cirugía bariátrica,PHRASE,ENABLED,JULY - Bariatric Test - MX - Merida,Bypass Gastrico Merida July 2025,,0,0,,,0.0,0,
bypass gástrico mérida,EXACT,PAUSED,JULY - Bariatric Test - MX - Merida,Bypass Gastrico Merida July 2025,,0,0,,,0.0,0,
cirugía adelgazar,PHRASE,PAUSED,JULY - Bariatric Test - MX - Merida,Bypass Gastrico Merida July 2025,,0,0,,,0.0,0,
cirugía bariátrica mérida,PHRASE,PAUSED,JULY - Bariatric Test - MX - Merida,Bypass Gastrico Merida July 2025,,0,0,,,0.0,0,
cirugía para bajar de peso mérida,PHRASE,PAUSED,JULY - Bariatric Test - MX - Merida,Bypass Gastrico Merida July 2025,,0,0,,,0.0,0,
como bajar de peso cirugía,PHRASE,PAUSED,JULY - Bariatric Test - MX - Merida,Bypass Gastrico Merida July 2025,,0,0,,,0.0,0,
precio cirugía bajar de peso,PHRASE,PAUSED,JULY - Bariatric Test - MX - Merida,Bypass Gastrico Merida July 2025,,0,0,,,0.0,0,
precio cirugía bajar peso,PHRASE,PAUSED,JULY - Bariatric Test - MX - Merida,Bypass Gastrico Merida July 2025,,0,0,,,0.0,0,
endoscopia precio,PHRASE,ENABLED,Agosto - Endo - Calls,Ad group 1,,0,0,,,0.0,0,
precio endoscopia,PHRASE,ENABLED,Agosto - Endo - Calls,Ad group 1,,0,0,,,0.0,0,
endoscopia 24 horas,PHRASE,ENABLED,Agosto - Endo - Calls,Ad group 1,,0,0,,,0.0,0,
endoscopia merida,EXACT,ENABLED,Agosto - Endo - Calls,Ad group 1,,0,0,,,0.0,0,
endoscopia salud digna,PHRASE,ENABLED,Agosto - Endo - Calls,Ad group 1,,0,0,,,0.0,0,
endoscopia merida,PHRASE,ENABLED,Agosto - Endo - Calls,Ad group 1,,0,0,,,0.0,0,
centro endoscopico del sureste,PHRASE,ENABLED,Agosto - Endo - Calls,Ad group 1,,0,0,,,0.0,0,
costo endoscopia,PHRASE,ENABLED,Agosto - Endo - Calls,Ad group 1,,0,0,,,0.0,0,
endoscopia costo,PHRASE,ENABLED,Agosto - Endo - Calls,Ad group 1,,0,0,,,0.0,0,
precio de una endoscopia en salud digna,PHRASE,ENABLED,Agosto - Endo - Calls,Ad group 1,,0,0,,,0.0,0,
endoscopia precio merida,EXACT,ENABLED,Agosto - Endo - Calls,Ad group 1,,0,0,,,0.0,0,
endoscopia del sureste,PHRASE,ENABLED,Agosto - Endo - Calls,Ad group 1,,0,0,,,0.0,0,
endoscopia precio merida,PHRASE,ENABLED,Agosto - Endo - Calls,Ad group 1,,0,0,,,0.0,0,
endoscopia star medica,PHRASE,ENABLED,Agosto - Endo - Calls,Ad group 1,,0,0,,,0.0,0,
endoscopia en merida,PHRASE,ENABLED,Agosto - Endo - Calls,Ad group 1,,0,0,,,0.0,0,
endoscopy in merida mexico,PHRASE,ENABLED,Agosto - Endo - Calls,Ad group 1,,0,0,,,0.0,0,
endoscopy merida,PHRASE,ENABLED,Agosto - Endo - Calls,Ad group 1,,0,0,,,0.0,0,
endoscopia privada merida,PHRASE,ENABLED,Agosto - Endo - Calls,Ad group 1,,0,0,,,0.0,0,
endoscopia costo en merida,PHRASE,ENABLED,Agosto - Endo - Calls,Ad group 1,,0,0,,,0.0,0,
endoscopia precio en merida,PHRASE,ENABLED,Agosto - Endo - Calls,Ad group 1,,0,0,,,0.0,0,
endoscopia costo merida,PHRASE,ENABLED,Agosto - Endo - Calls,Ad group 1,,0,0,,,0.0,0,
endoscopia con sedacion merida,PHRASE,ENABLED,Agosto - Endo - Calls,Ad group 1,,0,0,,,0.0,0,
endoscopia digestiva alta merida,EXACT,ENABLED,Agosto - Endo - Calls,Ad group 1,,0,0,,,0.0,0,
endoscopia digestiva alta en merida,PHRASE,ENABLED,Agosto - Endo - Calls,Ad group 1,,0,0,,,0.0,0,
endoscopia privada en merida,PHRASE,ENABLED,Agosto - Endo - Calls,Ad group 1,,0,0,,,0.0,0,
endoscopia con sedacion en merida,PHRASE,ENABLED,Agosto - Endo - Calls,Ad group 1,,0,0,,,0.0,0,
endoscopia chopo,EXACT,ENABLED,Agosto - Calls - Competition,Merida Competition Calls,,0,0,,,0.0,0,
endoscopia salud digna,EXACT,ENABLED,Agosto - Calls - Competition,Merida Competition Calls,,0,0,,,0.0,0,
colonoscopia chopo,EXACT,ENABLED,Agosto - Calls - Competition,Merida Competition Calls,,0,0,,,0.0,0,
colonoscopia chopo,PHRASE,ENABLED,Agosto - Calls - Competition,Merida Competition Calls,,0,0,,,0.0,0,
centro endoscopico del sureste,EXACT,ENABLED,Agosto - Calls - Competition,Merida Competition Calls,,0,0,,,0.0,0,
endoscopia 24 horas,EXACT,ENABLED,Agosto - Calls - Competition,Merida Competition Calls,,0,0,,,0.0,0,
centro de colonoscopia,EXACT,PAUSED,Agosto - Calls - Competition,Merida Competition Calls,,0,0,,,0.0,0,
endoscopia star medica,EXACT,ENABLED,Agosto - Calls - Competition,Merida Competition Calls,,0,0,,,0.0,0,
salud digna endoscopia precio,EXACT,ENABLED,Agosto - Calls - Competition,Merida Competition Calls,,0,0,,,0.0,0,
colonoscopia salud digna,EXACT,ENABLED,Agosto - Calls - Competition,Merida Competition Calls,,0,0,,,0.0,0,
precio de una endoscopia en salud digna,EXACT,ENABLED,Agosto - Calls - Competition,Merida Competition Calls,,0,0,,,0.0,0,
centro de endoscopia y colonoscopia,EXACT,ENABLED,Agosto - Calls - Competition,Merida Competition Calls,,0,0,,,0.0,0,
endoscopia del sureste,EXACT,ENABLED,Agosto - Calls - Competition,Merida Competition Calls,,0,0,,,0.0,0,
cedic endoscopia,EXACT,ENABLED,Agosto - Calls - Competition,Merida Competition Calls,,0,0,,,0.0,0,
colonoscopia salud digna precio,EXACT,ENABLED,Agosto - Calls - Competition,Merida Competition Calls,,0,0,,,0.0,0,
clinica colon merida,EXACT,ENABLED,Agosto - Calls - Competition,Merida Competition Calls,,0,0,,,0.0,0,
jm endoscopia scp,EXACT,ENABLED,Agosto - Calls - Competition,Merida Competition Calls,,0,0,,,0.0,0,
clinica colon merida,PHRASE,ENABLED,Agosto - Calls - Competition,Merida Competition Calls,,0,0,,,0.0,0,
colonoscopia salud digna precio,PHRASE,ENABLED,Agosto - Calls - Competition,Merida Competition Calls,,0,0,,,0.0,0,
colonoscopia clinica merida,PHRASE,PAUSED,Agosto - Calls - Competition,Merida Competition Calls,,0,0,,,0.0,0,
endoscopia clinica merida,PHRASE,PAUSED,Agosto - Calls - Competition,Merida Competition Calls,,0,0,,,0.0,0,
cepre,PHRASE,PAUSED,Agosto - CPRE - Calls,CPRE Calls,,0,0,,,0.0,0,
estudio cpre,EXACT,PAUSED,Agosto - CPRE - Calls,CPRE Calls,,0,0,,,0.0,0,
estudio cpre,PHRASE,PAUSED,Agosto - CPRE - Calls,CPRE Calls,,0,0,,,0.0,0,
cpre precio,PHRASE,PAUSED,Agosto - CPRE - Calls,CPRE Calls,,0,0,,,0.0,0,
estudio cepre,PHRASE,PAUSED,Agosto - CPRE - Calls,CPRE Calls,,0,0,,,0.0,0,
cpre particular,PHRASE,PAUSED,Agosto - CPRE - Calls,CPRE Calls,,0,0,,,0.0,0,
cpre merida,EXACT,PAUSED,Agosto - CPRE - Calls,CPRE Calls,,0,0,,,0.0,0,
cpre merida,PHRASE,PAUSED,Agosto - CPRE - Calls,CPRE Calls,,0,0,,,0.0,0,
spyglass cpre precio,PHRASE,PAUSED,Agosto - CPRE - Calls,CPRE Calls,,0,0,,,0.0,0,
colonoscopia star medica,EXACT,ENABLED,Colonoscopia,Colonoscopy - Hospital,,0,0,,,0.0,0,
colonoscopia faro del mayab,EXACT,ENABLED,Colonoscopia,Colonoscopy - Hospital,,0,0,,,0.0,0,
colonoscopia en faro del mayab,PHRASE,ENABLED,Colonoscopia,Colonoscopy - Hospital,,0,0,,,0.0,0,
colonoscopia en star medica,PHRASE,ENABLED,Colonoscopia,Colonoscopy - Hospital,,0,0,,,0.0,0,
estudio de colonoscopia,PHRASE,PAUSED,Colonoscopia,Colonoscopy - Pricing,,0,0,,,0.0,0,
precio colonoscopia,PHRASE,PAUSED,Colonoscopia,Colonoscopy - Pricing,,0,0,,,0.0,0,
costo colonoscopia,PHRASE,PAUSED,Colonoscopia,Colonoscopy - Pricing,,0,0,,,0.0,0,
colonoscopy price merida,PHRASE,PAUSED,Colonoscopia,Colonoscopy - Pricing,,0,0,,,0.0,0,
colonoscopia costo merida,PHRASE,PAUSED,Colonoscopia,Colonoscopy - Pricing,,0,0,,,0.0,0,
colonoscopia costo merida,EXACT,PAUSED,Colonoscopia,Colonoscopy - Pricing,,0,0,,,0.0,0,
colonoscopia precio merida,PHRASE,PAUSED,Colonoscopia,Colonoscopy - Pricing,7,0,0,,,0.0,0,
tarifas,PHRASE,ENABLED,Endoscopia,Endoscopy - Core,,0,0,,,0.0,0,
valor,PHRASE,ENABLED,Endoscopia,Endoscopy - Core,,0,0,,,0.0,0,
tarifa,PHRASE,ENABLED,Endoscopia,Endoscopy - Core,,0,0,,,0.0,0,
costos,PHRASE,ENABLED,Endoscopia,Endoscopy - Core,,0,0,,,0.0,0,
coste,PHRASE,ENABLED,Endoscopia,Endoscopy - Core,,0,0,,,0.0,0,
precio,PHRASE,ENABLED,Endoscopia,Endoscopy - Core,,0,0,,,0.0,0,
cuesta,PHRASE,ENABLED,Endoscopia,Endoscopy - Core,,0,0,,,0.0,0,
precios,PHRASE,ENABLED,Endoscopia,Endoscopy - Core,,0,0,,,0.0,0,
costo,PHRASE,ENABLED,Endoscopia,Endoscopy - Core,,0,0,,,0.0,0,
cuanto cuesta,PHRASE,ENABLED,Endoscopia,Endoscopy - Core,,0,0,,,0.0,0,
cuanto vale,PHRASE,ENABLED,Endoscopia,Endoscopy - Core,,0,0,,,0.0,0,
cuanto sale,PHRASE,ENABLED,Endoscopia,Endoscopy - Core,,0,0,,,0.0,0,
costo de,PHRASE,ENABLED,Endoscopia,Endoscopy - Core,,0,0,,,0.0,0,
cuánto cuesta,PHRASE,ENABLED,Endoscopia,Endoscopy - Core,,0,0,,,0.0,0,
cuestan,PHRASE,ENABLED,Endoscopia,Endoscopy - Core,,0,0,,,0.0,0,
endoscopia precio,PHRASE,PAUSED,Endoscopia,Endoscopy - Core,,0,0,,,0.0,0,
precio de endoscopia,EXACT,PAUSED,Endoscopia,Endoscopy - Core,,0,0,,,0.0,0,
cuánto vale,PHRASE,ENABLED,Endoscopia,Endoscopy - Core,,0,0,,,0.0,0,
cuánto sale,PHRASE,ENABLED,Endoscopia,Endoscopy - Core,,0,0,,,0.0,0,
endoscopia diagnostica y terapeutica,PHRASE,PAUSED,Endoscopia,Endoscopy - Core,,0,0,,,0.0,0,
precio de,PHRASE,ENABLED,Endoscopia,Endoscopy - Core,,0,0,,,0.0,0,
costo de endoscopia,PHRASE,PAUSED,Endoscopia,Endoscopy - Core,,0,0,,,0.0,0,
endoscopia precio merida,EXACT,PAUSED,Endoscopia,Endoscopy - Core,,0,0,,,0.0,0,
precio endoscopia merida,PHRASE,PAUSED,Endoscopia,Endoscopy - Core,,0,0,,,0.0,0,
endoscopy merida,PHRASE,PAUSED,Endoscopia,Endoscopy - Core,,0,0,,,0.0,0,
endoscopia por reflujo,PHRASE,ENABLED,Endoscopia,Endoscopy - Core,,0,0,,,0.0,0,
endoscopia con sedacion en merida,EXACT,ENABLED,Endoscopia,Endoscopy - Core,,0,0,,,0.0,0,
endoscopia digestiva alta merida,EXACT,ENABLED,Endoscopia,Endoscopy - Core,,0,0,,,0.0,0,
endoscopia digestiva alta en merida,PHRASE,PAUSED,Endoscopia,Endoscopy - Core,,0,0,,,0.0,0,
endoscopia privada en merida,PHRASE,PAUSED,Endoscopia,Endoscopy - Core,,0,0,,,0.0,0,
endoscopia privada merida,EXACT,ENABLED,Endoscopia,Endoscopy - Core,,0,0,,,0.0,0,
endoscopia con sedacion merida,EXACT,ENABLED,Endoscopia,Endoscopy - Core,,0,0,,,0.0,0,
CPRE,PHRASE,ENABLED,Endo & Colo - Merida,Endoscopia Merida July 2025 #2,,0,0,,,0.0,0,
endoscopia,PHRASE,ENABLED,Endo & Colo - Merida,Endoscopia Merida July 2025 #2,,0,0,,,0.0,0,
endoscopia precio,PHRASE,ENABLED,Endo & Colo - Merida,Endoscopia Merida July 2025 #2,,0,0,,,0.0,0,
costo de endoscopia,EXACT,ENABLED,Endo & Colo - Merida,Endoscopia Merida July 2025 #2,,0,0,,,0.0,0,
cpre,PHRASE,PAUSED,Endo & Colo - Merida,Endoscopia Merida July 2025 #2,,0,0,,,0.0,0,
cuanto cuesta una endoscopia,EXACT,ENABLED,Endo & Colo - Merida,Endoscopia Merida July 2025 #2,,0,0,,,0.0,0,
endoscopia merida,BROAD,PAUSED,Endo & Colo - Merida,Endoscopia Merida July 2025 #2,,0,0,,,0.0,0,
endoscopia merida,EXACT,ENABLED,Endo & Colo - Merida,Endoscopia Merida July 2025 #2,,0,0,,,0.0,0,
endoscopia chopo,PHRASE,ENABLED,Endo & Colo - Merida,Endoscopia Merida July 2025 #2,,0,0,,,0.0,0,
endoscopia salud digna,PHRASE,ENABLED,Endo & Colo - Merida,Endoscopia Merida July 2025 #2,,0,0,,,0.0,0,
endoscopia merida,PHRASE,ENABLED,Endo & Colo - Merida,Endoscopia Merida July 2025 #2,,0,0,,,0.0,0,
centro endoscopico del sureste,PHRASE,ENABLED,Endo & Colo - Merida,Endoscopia Merida July 2025 #2,,0,0,,,0.0,0,
endoscopia precio merida,EXACT,ENABLED,Endo & Colo - Merida,Endoscopia Merida July 2025 #2,,0,0,,,0.0,0,
colangiopancreatografía endoscópica,PHRASE,PAUSED,Endo & Colo - Merida,Endoscopia Merida July 2025 #2,,0,0,,,0.0,0,
cpre merida,PHRASE,ENABLED,Endo & Colo - Merida,Endoscopia Merida July 2025 #2,,0,0,,,0.0,0,
CPRE merida,EXACT,ENABLED,Endo & Colo - Merida,Endoscopia Merida July 2025 #2,,0,0,,,0.0,0,
problemas biliares merida,PHRASE,PAUSED,Endo & Colo - Merida,Endoscopia Merida July 2025 #2,,0,0,,,0.0,0,
CPRE hospital amerimed,PHRASE,PAUSED,Endo & Colo - Merida,Endoscopia Merida July 2025 #2,,0,0,,,0.0,0,
cálculos biliares endoscopia,PHRASE,PAUSED,Endo & Colo - Merida,Endoscopia Merida July 2025 #2,,0,0,,,0.0,0,
CPRE mexico,PHRASE,ENABLED,Endo & Colo - Merida,Endoscopia Merida July 2025 #2,,0,0,,,0.0,0,
CPRE yucatan,PHRASE,PAUSED,Endo & Colo - Merida,Endoscopia Merida July 2025 #2,,0,0,,,0.0,0,
colonoscopia,EXACT,ENABLED,Agosto - Colonoscopy - Calls,Merida Core Calls,,0,0,,,0.0,0,
precio colonoscopia,PHRASE,ENABLED,Agosto - Colonoscopy - Calls,Merida Core Calls,,0,0,,,0.0,0,
colonoscopia chopo,PHRASE,ENABLED,Agosto - Colonoscopy - Calls,Merida Core Calls,,0,0,,,0.0,0,
centro de colonoscopia,PHRASE,ENABLED,Agosto - Colonoscopy - Calls,Merida Core Calls,,0,0,,,0.0,0,
colonoscopia en merida,PHRASE,ENABLED,Agosto - Colonoscopy - Calls,Merida Core Calls,,0,0,,,0.0,0,
colonoscopia salud digna,PHRASE,ENABLED,Agosto - Colonoscopy - Calls,Merida Core Calls,,0,0,,,0.0,0,
colonoscopia con sedacion,PHRASE,ENABLED,Agosto - Colonoscopy - Calls,Merida Core Calls,,0,0,,,0.0,0,
colonoscopia precio,PHRASE,ENABLED,Agosto - Colonoscopy - Calls,Merida Core Calls,,0,0,,,0.0,0,
costo colonoscopia,PHRASE,ENABLED,Agosto - Colonoscopy - Calls,Merida Core Calls,,0,0,,,0.0,0,
colonoscopia en merida yucatan,EXACT,ENABLED,Agosto - Colonoscopy - Calls,Merida Core Calls,,0,0,,,0.0,0,
colonoscopia merida,EXACT,ENABLED,Agosto - Colonoscopy - Calls,Merida Core Calls,,0,0,,,0.0,0,
colonoscopia precio merida,EXACT,ENABLED,Agosto - Colonoscopy - Calls,Merida Core Calls,,0,0,,,0.0,0,
colonoscopia merida,PHRASE,ENABLED,Agosto - Colonoscopy - Calls,Merida Core Calls,,0,0,,,0.0,0,
colonoscopia en merida yucatan,PHRASE,ENABLED,Agosto - Colonoscopy - Calls,Merida Core Calls,,0,0,,,0.0,0,
colonoscopia privada,PHRASE,ENABLED,Agosto - Colonoscopy - Calls,Merida Core Calls,,0,0,,,0.0,0,
colonoscopia salud digna precio,PHRASE,ENABLED,Agosto - Colonoscopy - Calls,Merida Core Calls,,0,0,,,0.0,0,
colonoscopy merida,PHRASE,ENABLED,Agosto - Colonoscopy - Calls,Merida Core Calls,,0,0,,,0.0,0,
colonoscopia yucatan,PHRASE,ENABLED,Agosto - Colonoscopy - Calls,Merida Core Calls,,0,0,,,0.0,0,
colonoscopy in merida mexico,PHRASE,ENABLED,Agosto - Colonoscopy - Calls,Merida Core Calls,,0,0,,,0.0,0,
colonoscopia privada merida,EXACT,ENABLED,Agosto - Colonoscopy - Calls,Merida Core Calls,,0,0,,,0.0,0,
colonoscopia con sedacion merida,EXACT,ENABLED,Agosto - Colonoscopy - Calls,Merida Core Calls,,0,0,,,0.0,0,
colonoscopia costo merida,EXACT,ENABLED,Agosto - Colonoscopy - Calls,Merida Core Calls,,0,0,,,0.0,0,
costo colonoscopia merida,PHRASE,ENABLED,Agosto - Colonoscopy - Calls,Merida Core Calls,,0,0,,,0.0,0,
colonoscopía mérida,PHRASE,ENABLED,Agosto - Colonoscopy - Calls,Merida Core Calls,,0,0,,,0.0,0,
balón gástrico,BROAD,ENABLED,Bariatria,Bariatry Combined,,0,0,,,0.0,0,
bypass gástrico,BROAD,ENABLED,Bariatria,Bariatry Combined,,0,0,,,0.0,0,
manga gástrica,BROAD,ENABLED,Bariatria,Bariatry Combined,,0,0,,,0.0,0,
balón intragástrico,PHRASE,ENABLED,Bariatria,Bariatry Combined,,0,0,,,0.0,0,
manga gástrica méxico,PHRASE,ENABLED,Bariatria,Bariatry Combined,,0,0,,,0.0,0,
bariatra en merida,PHRASE,ENABLED,Bariatria,Bariatry Combined,,0,0,,,0.0,0,
precio manga gástrica,PHRASE,ENABLED,Bariatria,Bariatry Combined,,0,0,,,0.0,0,
manga endoscopica,PHRASE,ENABLED,Bariatria,Bariatry Combined,,0,0,,,0.0,0,
costo bypass gástrico,PHRASE,ENABLED,Bariatria,Bariatry Combined,,0,0,,,0.0,0,
financiamiento cirugía bariátrica,PHRASE,ENABLED,Bariatria,Bariatry Combined,,0,0,,,0.0,0,
bypass gástrico mérida,EXACT,ENABLED,Bariatria,Bariatry Combined,,0,0,,,0.0,0,
balón gástrico mérida,EXACT,ENABLED,Bariatria,Bariatry Combined,,0,0,,,0.0,0,
manga gástrica mérida,EXACT,ENABLED,Bariatria,Bariatry Combined,,0,0,,,0.0,0,
manga gástrica en mérida,PHRASE,ENABLED,Bariatria,Bariatry Combined,,0,0,,,0.0,0,
bypass gástrico en mérida,PHRASE,ENABLED,Bariatria,Bariatry Combined,,0,0,,,0.0,0,
balón gástrico precio mérida,PHRASE,ENABLED,Bariatria,Bariatry Combined,,0,0,,,0.0,0,
Retiro balon gastrico,PHRASE,ENABLED,Bariatria,Bariatry Combined,,0,0,,,0.0,0,
Estreñimiento crónico,EXACT,ENABLED,Colonoscopia,Colonoscopia - Symptom,,0,0,,,0.0,0,
Estreñimiento crónico,PHRASE,ENABLED,Colonoscopia,Colonoscopia - Symptom,,0,0,,,0.0,0,
Sangrado rectal colonoscopia,EXACT,ENABLED,Colonoscopia,Colonoscopia - Symptom,,0,0,,,0.0,0,
Dolor abdominal colonoscopia,EXACT,ENABLED,Colonoscopia,Colonoscopia - Symptom,,0,0,,,0.0,0,
Colonoscopia por dolor,EXACT,ENABLED,Colonoscopia,Colonoscopia - Symptom,,0,0,,,0.0,0,
Sangrado rectal colonoscopia,PHRASE,ENABLED,Colonoscopia,Colonoscopia - Symptom,,0,0,,,0.0,0,
Dolor abdominal colonoscopia,PHRASE,ENABLED,Colonoscopia,Colonoscopia - Symptom,,0,0,,,0.0,0,
Colonoscopia por dolor,PHRASE,ENABLED,Colonoscopia,Colonoscopia - Symptom,,0,0,,,0.0,0,
Colonoscopia por sangrado,EXACT,ENABLED,Colonoscopia,Colonoscopia - Symptom,,0,0,,,0.0,0,
Colonoscopia por estreñimiento,EXACT,ENABLED,Colonoscopia,Colonoscopia - Symptom,,0,0,,,0.0,0,
Cambio en hábito intestinal,EXACT,ENABLED,Colonoscopia,Colonoscopia - Symptom,,0,0,,,0.0,0,
Sangre en heces colonoscopia,EXACT,ENABLED,Colonoscopia,Colonoscopia - Symptom,,0,0,,,0.0,0,
Colonoscopia por sangrado,PHRASE,ENABLED,Colonoscopia,Colonoscopia - Symptom,,0,0,,,0.0,0,
Colonoscopia por estreñimiento,PHRASE,ENABLED,Colonoscopia,Colonoscopia - Symptom,,0,0,,,0.0,0,
Cambio en hábito intestinal,PHRASE,ENABLED,Colonoscopia,Colonoscopia - Symptom,,0,0,,,0.0,0,
Sangre en heces colonoscopia,PHRASE,ENABLED,Colonoscopia,Colonoscopia - Symptom,,0,0,,,0.0,0,
endoscopia emergencia,EXACT,ENABLED,Ligadura Esofagica,Ligadura Esofagica,,0,0,,,0.0,0,
varices esofagicas merida,EXACT,ENABLED,Ligadura Esofagica,Ligadura Esofagica,,0,0,,,0.0,0,
Ligadura Varices Esofágicas,PHRASE,ENABLED,Ligadura Esofagica,Ligadura Esofagica,,0,0,,,0.0,0,
ligadura endoscópica,PHRASE,ENABLED,Ligadura Esofagica,Ligadura Esofagica,2,2,0,0,,0.0,0,
varices esofágicas merida,EXACT,ENABLED,Ligadura Esofagica,Ligadura Esofagica,,0,0,,,0.0,0,
precio colonoscopia,PHRASE,ENABLED,Colonoscopia,Colonoscopia - Call,,0,0,,,0.0,0,
colonoscopia en merida,PHRASE,ENABLED,Colonoscopia,Colonoscopia - Call,,0,0,,,0.0,0,
colonoscopia en merida yucatan,EXACT,ENABLED,Colonoscopia,Colonoscopia - Call,,0,0,,,0.0,0,
colonoscopia merida,EXACT,ENABLED,Colonoscopia,Colonoscopia - Call,,0,0,,,0.0,0,
colonoscopia precio merida,EXACT,ENABLED,Colonoscopia,Colonoscopia - Call,,0,0,,,0.0,0,
colonoscopia en merida yucatan,PHRASE,ENABLED,Colonoscopia,Colonoscopia - Call,,0,0,,,0.0,0,
colonoscopia privada merida,EXACT,ENABLED,Colonoscopia,Colonoscopia - Call,,0,0,,,0.0,0,
colonoscopia con sedacion merida,EXACT,ENABLED,Colonoscopia,Colonoscopia - Call,,0,0,,,0.0,0,
colonoscopia costo merida,EXACT,ENABLED,Colonoscopia,Colonoscopia - Call,,0,0,,,0.0,0,
costo colonoscopia merida,PHRASE,ENABLED,Colonoscopia,Colonoscopia - Call,,0,0,,,0.0,0,
colonoscopia chopo,PHRASE,ENABLED,Agosto - Colon - Competition Calls,Competition Ad Group,,0,0,,,0.0,0,
centro de colonoscopia,PHRASE,ENABLED,Agosto - Colon - Competition Calls,Competition Ad Group,,0,0,,,0.0,0,
colonoscopia salud digna,PHRASE,ENABLED,Agosto - Colon - Competition Calls,Competition Ad Group,,0,0,,,0.0,0,
centro de endoscopia y colonoscopia,PHRASE,ENABLED,Agosto - Colon - Competition Calls,Competition Ad Group,,0,0,,,0.0,0,
clinica colon merida,PHRASE,ENABLED,Agosto - Colon - Competition Calls,Competition Ad Group,,0,0,,,0.0,0,
colonoscopia salud digna precio,PHRASE,ENABLED,Agosto - Colon - Competition Calls,Competition Ad Group,,0,0,,,0.0,0,
colonoscopia clinica merida,PHRASE,ENABLED,Agosto - Colon - Competition Calls,Competition Ad Group,,0,0,,,0.0,0,
cirugia laparoscopica,PHRASE,ENABLED,General Surgery,General Surgery - Core,,0,0,,,0.0,0,
cirugia de hernia,PHRASE,ENABLED,General Surgery,General Surgery - Core,,0,0,,,0.0,0,
colecistectomia laparoscopica,PHRASE,ENABLED,General Surgery,General Surgery - Core,,0,0,,,0.0,0,
cirugia vesicula,PHRASE,ENABLED,General Surgery,General Surgery - Core,,0,0,,,0.0,0,
cirugía de colon,PHRASE,ENABLED,General Surgery,General Surgery - Core,,0,0,,,0.0,0,
cirugia general,EXACT,ENABLED,General Surgery,General Surgery - Core,,0,0,,,0.0,0,
cirugia de reflujo,PHRASE,ENABLED,General Surgery,General Surgery - Core,,0,0,,,0.0,0,
cirujano general en merida,PHRASE,ENABLED,General Surgery,General Surgery - Core,,0,0,,,0.0,0,
cirujano general merida,EXACT,ENABLED,General Surgery,General Surgery - Core,,0,0,,,0.0,0,
reparacion hernia,PHRASE,ENABLED,General Surgery,General Surgery - Core,,0,0,,,0.0,0,
cirugia general merida,PHRASE,ENABLED,General Surgery,General Surgery - Core,,0,0,,,0.0,0,
colelitiasis cirugía,PHRASE,ENABLED,General Surgery,General Surgery - Core,,0,0,,,0.0,0,
funduplicatura merida,PHRASE,ENABLED,General Surgery,General Surgery - Core,,0,0,,,0.0,0,
esplenectomia merida,PHRASE,ENABLED,General Surgery,General Surgery - Core,,0,0,,,0.0,0,
apendicectomía merida,PHRASE,ENABLED,General Surgery,General Surgery - Core,,0,0,,,0.0,0,
cirugía de intestino,PHRASE,ENABLED,General Surgery,General Surgery - Core,,0,0,,,0.0,0,
catéteres para diálisis,PHRASE,ENABLED,General Surgery,General Surgery - Core,,0,0,,,0.0,0,
cirugia general en merida,PHRASE,ENABLED,General Surgery,General Surgery - Core,,0,0,,,0.0,0,
cirugia minimamente invasiva merida,PHRASE,ENABLED,General Surgery,General Surgery - Core,,0,0,,,0.0,0,
mejor cirujano general merida,PHRASE,ENABLED,General Surgery,General Surgery - Core,,0,0,,,0.0,0,
cirugia laparoscopica merida,EXACT,ENABLED,General Surgery,General Surgery - Core,,0,0,,,0.0,0,
balon gastrico para bajar de peso,BROAD,ENABLED,Bariatric Test,Ad group 1,,0,0,,,0.0,0,
para cirugía,BROAD,ENABLED,Bariatric Test,Ad group 1,,0,0,,,0.0,0,
endoscopia star medica,EXACT,ENABLED,Endoscopia,Endoscopy - Hospital,,0,0,,,0.0,0,
endoscopia hospital,PHRASE,ENABLED,Endoscopia,Endoscopy - Hospital,,0,0,,,0.0,0,
endoscopia en faro del mayab,PHRASE,ENABLED,Endoscopia,Endoscopy - Hospital,,0,0,,,0.0,0,
endoscopia en star medica,PHRASE,ENABLED,Endoscopia,Endoscopy - Hospital,,0,0,,,0.0,0,
endoscopia faro del mayab,EXACT,ENABLED,Endoscopia,Endoscopy - Hospital,,0,0,,,0.0,0,
precio colonoscopia,PHRASE,ENABLED,Colonoscopia,Colonoscopia - Call,,0,0,,,0.0,0,
colonoscopia en merida,PHRASE,ENABLED,Colonoscopia,Colonoscopia - Call,,0,0,,,0.0,0,
colonoscopia en merida yucatan,EXACT,ENABLED,Colonoscopia,Colonoscopia - Call,,0,0,,,0.0,0,
colonoscopia merida,EXACT,ENABLED,Colonoscopia,Colonoscopia - Call,,0,0,,,0.0,0,
colonoscopia precio merida,EXACT,ENABLED,Colonoscopia,Colonoscopia - Call,,0,0,,,0.0,0,
colonoscopia en merida yucatan,PHRASE,ENABLED,Colonoscopia,Colonoscopia - Call,,0,0,,,0.0,0,
colonoscopia privada merida,EXACT,ENABLED,Colonoscopia,Colonoscopia - Call,,0,0,,,0.0,0,
colonoscopia con sedacion merida,EXACT,ENABLED,Colonoscopia,Colonoscopia - Call,,0,0,,,0.0,0,
colonoscopia costo merida,EXACT,ENABLED,Colonoscopia,Colonoscopia - Call,,0,0,,,0.0,0,
costo colonoscopia merida,PHRASE,ENABLED,Colonoscopia,Colonoscopia - Call,,0,0,,,0.0,0,
tarifas,PHRASE,ENABLED,Colonoscopia,Colonoscopy - Core,,0,0,,,0.0,0,
valor,PHRASE,ENABLED,Colonoscopia,Colonoscopy - Core,,0,0,,,0.0,0,
tarifa,PHRASE,ENABLED,Colonoscopia,Colonoscopy - Core,,0,0,,,0.0,0,
costos,PHRASE,ENABLED,Colonoscopia,Colonoscopy - Core,,0,0,,,0.0,0,
coste,PHRASE,ENABLED,Colonoscopia,Colonoscopy - Core,,0,0,,,0.0,0,
precio,PHRASE,ENABLED,Colonoscopia,Colonoscopy - Core,,0,0,,,0.0,0,
cuesta,PHRASE,ENABLED,Colonoscopia,Colonoscopy - Core,,0,0,,,0.0,0,
precios,PHRASE,ENABLED,Colonoscopia,Colonoscopy - Core,,0,0,,,0.0,0,
costo,PHRASE,ENABLED,Colonoscopia,Colonoscopy - Core,,0,0,,,0.0,0,
cuanto cuesta,PHRASE,ENABLED,Colonoscopia,Colonoscopy - Core,,0,0,,,0.0,0,
colonoscopia,EXACT,PAUSED,Colonoscopia,Colonoscopy - Core,3,0,0,,,0.0,0,
cuanto vale,PHRASE,ENABLED,Colonoscopia,Colonoscopy - Core,,0,0,,,0.0,0,
cuanto sale,PHRASE,ENABLED,Colonoscopia,Colonoscopy - Core,,0,0,,,0.0,0,
costo de,PHRASE,ENABLED,Colonoscopia,Colonoscopy - Core,,0,0,,,0.0,0,
cuánto cuesta,PHRASE,ENABLED,Colonoscopia,Colonoscopy - Core,,0,0,,,0.0,0,
cuestan,PHRASE,ENABLED,Colonoscopia,Colonoscopy - Core,,0,0,,,0.0,0,
precio colonoscopia,PHRASE,PAUSED,Colonoscopia,Colonoscopy - Core,,0,0,,,0.0,0,
cuánto vale,PHRASE,ENABLED,Colonoscopia,Colonoscopy - Core,,0,0,,,0.0,0,
cuánto sale,PHRASE,ENABLED,Colonoscopia,Colonoscopy - Core,,0,0,,,0.0,0,
polipectomia colon,PHRASE,PAUSED,Colonoscopia,Colonoscopy - Core,,0,0,,,0.0,0,
polipos en colon,PHRASE,PAUSED,Colonoscopia,Colonoscopy - Core,,0,0,,,0.0,0,
precio de,PHRASE,ENABLED,Colonoscopia,Colonoscopy - Core,,0,0,,,0.0,0,
colonoscopia en merida,PHRASE,PAUSED,Colonoscopia,Colonoscopy - Core,,0,0,,,0.0,0,
polipo en colon,PHRASE,PAUSED,Colonoscopia,Colonoscopy - Core,,0,0,,,0.0,0,
colonoscopia con sedacion,PHRASE,PAUSED,Colonoscopia,Colonoscopy - Core,,0,0,,,0.0,0,
costo colonoscopia,PHRASE,PAUSED,Colonoscopia,Colonoscopy - Core,,0,0,,,0.0,0,
polipectomia colonica,PHRASE,PAUSED,Colonoscopia,Colonoscopy - Core,,0,0,,,0.0,0,
colonoscopia en merida yucatan,EXACT,PAUSED,Colonoscopia,Colonoscopy - Core,,0,0,,,0.0,0,
colonoscopia precio merida,EXACT,PAUSED,Colonoscopia,Colonoscopy - Core,,0,0,,,0.0,0,
colonoscopia en merida yucatan,PHRASE,PAUSED,Colonoscopia,Colonoscopy - Core,,0,0,,,0.0,0,
colonoscopia privada,PHRASE,PAUSED,Colonoscopia,Colonoscopy - Core,,0,0,,,0.0,0,
colonoscopy price merida,PHRASE,PAUSED,Colonoscopia,Colonoscopy - Core,,0,0,,,0.0,0,
colonoscopia costo merida,PHRASE,PAUSED,Colonoscopia,Colonoscopy - Core,,0,0,,,0.0,0,
colonoscopy merida,PHRASE,PAUSED,Colonoscopia,Colonoscopy - Core,,0,0,,,0.0,0,
colonoscopy in merida mexico,PHRASE,PAUSED,Colonoscopia,Colonoscopy - Core,,0,0,,,0.0,0,
colonoscopia privada merida,EXACT,ENABLED,Colonoscopia,Colonoscopy - Core,,0,0,,,0.0,0,
colonoscopia con sedacion merida,EXACT,ENABLED,Colonoscopia,Colonoscopy - Core,,0,0,,,0.0,0,
colonoscopia costo merida,EXACT,PAUSED,Colonoscopia,Colonoscopy - Core,,0,0,,,0.0,0,
costo colonoscopia merida,PHRASE,PAUSED,Colonoscopia,Colonoscopy - Core,,0,0,,,0.0,0,
colonoscopía mérida,PHRASE,PAUSED,Colonoscopia,Colonoscopy - Core,,0,0,,,0.0,0,
polipectomia merida,PHRASE,PAUSED,Colonoscopia,Colonoscopy - Core,,0,0,,,0.0,0,
polipectomia colónica,PHRASE,PAUSED,Colonoscopia,Colonoscopy - Core,,0,0,,,0.0,0,
colonoscopia precio merida,PHRASE,PAUSED,Colonoscopia,Colonoscopy - Core,,0,0,,,0.0,0,
precio colonoscopia merida,PHRASE,PAUSED,Colonoscopia,Colonoscopy - Core,,0,0,,,0.0,0,
endoscopia del mayab,EXACT,ENABLED,Endoscopia,Brand,,0,0,,,0.0,0,
endoscopia,PHRASE,ENABLED,Leads-Search-29,Ad group 1,,0,0,,,0.0,0,
endoscopia merida,PHRASE,ENABLED,Leads-Search-29,Ad group 1,,0,0,,,0.0,0,
endoscopia precio merida,EXACT,ENABLED,Leads-Search-29,Ad group 1,,0,0,,,0.0,0,
panendoscopia merida,PHRASE,ENABLED,Leads-Search-29,Ad group 1,,0,0,,,0.0,0,
endoscopia por reflujo,PHRASE,ENABLED,Leads-Search-29,Ad group 1,,0,0,,,0.0,0,
endoscopia del mayab,EXACT,ENABLED,Brand,Brand - Endoscopia del Mayab,,0,0,,,0.0,0,
centro endoscopia del mayab,EXACT,PAUSED,Brand,Brand - Endoscopia del Mayab,,0,0,,,0.0,0,
clinica endoscopia del mayab,EXACT,PAUSED,Brand,Brand - Endoscopia del Mayab,,0,0,,,0.0,0,
endoscopia mayab,EXACT,ENABLED,Brand,Brand - Endoscopia del Mayab,,0,0,,,0.0,0,
endoscopia mayab merida,EXACT,PAUSED,Brand,Brand - Endoscopia del Mayab,,0,0,,,0.0,0,
endoscopia el mayab,EXACT,PAUSED,Brand,Brand - Endoscopia del Mayab,,0,0,,,0.0,0,
colonoscopia star medica,EXACT,ENABLED,Colon Max Conversions,Colonoscopy - Hospital,,0,0,,,0.0,0,
colonoscopia faro del mayab,EXACT,ENABLED,Colon Max Conversions,Colonoscopy - Hospital,,0,0,,,0.0,0,
colonoscopia en faro del mayab,PHRASE,ENABLED,Colon Max Conversions,Colonoscopy - Hospital,,0,0,,,0.0,0,
colonoscopia en star medica,PHRASE,ENABLED,Colon Max Conversions,Colonoscopy - Hospital,,0,0,,,0.0,0,
estudio de colonoscopia,PHRASE,PAUSED,Colon Max Conversions,Colonoscopy - Pricing,,0,0,,,0.0,0,
precio colonoscopia,PHRASE,PAUSED,Colon Max Conversions,Colonoscopy - Pricing,,0,0,,,0.0,0,
precio de colonoscopia,PHRASE,ENABLED,Colon Max Conversions,Colonoscopy - Pricing,3,0,0,,,0.0,0,
costo colonoscopia,PHRASE,PAUSED,Colon Max Conversions,Colonoscopy - Pricing,,0,0,,,0.0,0,
colonoscopy price merida,PHRASE,PAUSED,Colon Max Conversions,Colonoscopy - Pricing,,0,0,,,0.0,0,
colonoscopia costo merida,PHRASE,PAUSED,Colon Max Conversions,Colonoscopy - Pricing,,0,0,,,0.0,0,
colonoscopia costo merida,EXACT,PAUSED,Colon Max Conversions,Colonoscopy - Pricing,,0,0,,,0.0,0,
colonoscopia precio merida,PHRASE,PAUSED,Colon Max Conversions,Colonoscopy - Pricing,,0,0,,,0.0,0,
Estreñimiento crónico,EXACT,ENABLED,Colon Max Conversions,Colonoscopia - Symptom,,0,0,,,0.0,0,
Estreñimiento crónico,PHRASE,ENABLED,Colon Max Conversions,Colonoscopia - Symptom,,0,0,,,0.0,0,
Sangrado rectal colonoscopia,EXACT,ENABLED,Colon Max Conversions,Colonoscopia - Symptom,,0,0,,,0.0,0,
Dolor abdominal colonoscopia,EXACT,ENABLED,Colon Max Conversions,Colonoscopia - Symptom,,0,0,,,0.0,0,
Colonoscopia por dolor,EXACT,ENABLED,Colon Max Conversions,Colonoscopia - Symptom,,0,0,,,0.0,0,
Sangrado rectal colonoscopia,PHRASE,ENABLED,Colon Max Conversions,Colonoscopia - Symptom,,0,0,,,0.0,0,
Dolor abdominal colonoscopia,PHRASE,ENABLED,Colon Max Conversions,Colonoscopia - Symptom,,0,0,,,0.0,0,
Colonoscopia por dolor,PHRASE,ENABLED,Colon Max Conversions,Colonoscopia - Symptom,,0,0,,,0.0,0,
Colonoscopia por sangrado,EXACT,ENABLED,Colon Max Conversions,Colonoscopia - Symptom,,0,0,,,0.0,0,
Colonoscopia por estreñimiento,EXACT,ENABLED,Colon Max Conversions,Colonoscopia - Symptom,,0,0,,,0.0,0,
Cambio en hábito intestinal,EXACT,ENABLED,Colon Max Conversions,Colonoscopia - Symptom,,0,0,,,0.0,0,
Sangre en heces colonoscopia,EXACT,ENABLED,Colon Max Conversions,Colonoscopia - Symptom,,0,0,,,0.0,0,
Colonoscopia por sangrado,PHRASE,ENABLED,Colon Max Conversions,Colonoscopia - Symptom,,0,0,,,0.0,0,
Colonoscopia por estreñimiento,PHRASE,ENABLED,Colon Max Conversions,Colonoscopia - Symptom,,0,0,,,0.0,0,
Cambio en hábito intestinal,PHRASE,ENABLED,Colon Max Conversions,Colonoscopia - Symptom,,0,0,,,0.0,0,
Sangre en heces colonoscopia,PHRASE,ENABLED,Colon Max Conversions,Colonoscopia - Symptom,,0,0,,,0.0,0,
tarifas,PHRASE,ENABLED,Colon Max Conversions,Colonoscopy - Core,,0,0,,,0.0,0,
valor,PHRASE,ENABLED,Colon Max Conversions,Colonoscopy - Core,,0,0,,,0.0,0,
tarifa,PHRASE,ENABLED,Colon Max Conversions,Colonoscopy - Core,,0,0,,,0.0,0,
costos,PHRASE,ENABLED,Colon Max Conversions,Colonoscopy - Core,,0,0,,,0.0,0,
coste,PHRASE,ENABLED,Colon Max Conversions,Colonoscopy - Core,,0,0,,,0.0,0,
precio,PHRASE,ENABLED,Colon Max Conversions,Colonoscopy - Core,,0,0,,,0.0,0,
cuesta,PHRASE,ENABLED,Colon Max Conversions,Colonoscopy - Core,,0,0,,,0.0,0,
precios,PHRASE,ENABLED,Colon Max Conversions,Colonoscopy - Core,,0,0,,,0.0,0,
costo,PHRASE,ENABLED,Colon Max Conversions,Colonoscopy - Core,,0,0,,,0.0,0,
cuanto cuesta,PHRASE,ENABLED,Colon Max Conversions,Colonoscopy - Core,,0,0,,,0.0,0,
colonoscopia,EXACT,PAUSED,Colon Max Conversions,Colonoscopy - Core,3,0,0,,,0.0,0,
cuanto vale,PHRASE,ENABLED,Colon Max Conversions,Colonoscopy - Core,,0,0,,,0.0,0,
cuanto sale,PHRASE,ENABLED,Colon Max Conversions,Colonoscopy - Core,,0,0,,,0.0,0,
costo de,PHRASE,ENABLED,Colon Max Conversions,Colonoscopy - Core,,0,0,,,0.0,0,
cuánto cuesta,PHRASE,ENABLED,Colon Max Conversions,Colonoscopy - Core,,0,0,,,0.0,0,
cuestan,PHRASE,ENABLED,Colon Max Conversions,Colonoscopy - Core,,0,0,,,0.0,0,
precio colonoscopia,PHRASE,PAUSED,Colon Max Conversions,Colonoscopy - Core,,0,0,,,0.0,0,
cuánto vale,PHRASE,ENABLED,Colon Max Conversions,Colonoscopy - Core,,0,0,,,0.0,0,
cuánto sale,PHRASE,ENABLED,Colon Max Conversions,Colonoscopy - Core,,0,0,,,0.0,0,
polipectomia colon,PHRASE,PAUSED,Colon Max Conversions,Colonoscopy - Core,,0,0,,,0.0,0,
polipos en colon,PHRASE,PAUSED,Colon Max Conversions,Colonoscopy - Core,,0,0,,,0.0,0,
precio de,PHRASE,ENABLED,Colon Max Conversions,Colonoscopy - Core,,0,0,,,0.0,0,
colonoscopia en merida,PHRASE,PAUSED,Colon Max Conversions,Colonoscopy - Core,,0,0,,,0.0,0,
polipo en colon,PHRASE,PAUSED,Colon Max Conversions,Colonoscopy - Core,,0,0,,,0.0,0,
colonoscopia con sedacion,PHRASE,PAUSED,Colon Max Conversions,Colonoscopy - Core,,0,0,,,0.0,0,
costo colonoscopia,PHRASE,PAUSED,Colon Max Conversions,Colonoscopy - Core,,0,0,,,0.0,0,
polipectomia colonica,PHRASE,PAUSED,Colon Max Conversions,Colonoscopy - Core,,0,0,,,0.0,0,
colonoscopia en merida yucatan,EXACT,PAUSED,Colon Max Conversions,Colonoscopy - Core,,0,0,,,0.0,0,
colonoscopia precio merida,EXACT,PAUSED,Colon Max Conversions,Colonoscopy - Core,,0,0,,,0.0,0,
colonoscopia en merida yucatan,PHRASE,PAUSED,Colon Max Conversions,Colonoscopy - Core,,0,0,,,0.0,0,
colonoscopia privada,PHRASE,PAUSED,Colon Max Conversions,Colonoscopy - Core,,0,0,,,0.0,0,
colonoscopy price merida,PHRASE,PAUSED,Colon Max Conversions,Colonoscopy - Core,,0,0,,,0.0,0,
colonoscopia costo merida,PHRASE,PAUSED,Colon Max Conversions,Colonoscopy - Core,,0,0,,,0.0,0,
colonoscopy merida,PHRASE,PAUSED,Colon Max Conversions,Colonoscopy - Core,,0,0,,,0.0,0,
colonoscopy in merida mexico,PHRASE,PAUSED,Colon Max Conversions,Colonoscopy - Core,,0,0,,,0.0,0,
colonoscopia privada merida,EXACT,ENABLED,Colon Max Conversions,Colonoscopy - Core,,0,0,,,0.0,0,
colonoscopia con sedacion merida,EXACT,ENABLED,Colon Max Conversions,Colonoscopy - Core,,0,0,,,0.0,0,
colonoscopia costo merida,EXACT,PAUSED,Colon Max Conversions,Colonoscopy - Core,,0,0,,,0.0,0,
costo colonoscopia merida,PHRASE,PAUSED,Colon Max Conversions,Colonoscopy - Core,,0,0,,,0.0,0,
colonoscopía mérida,PHRASE,PAUSED,Colon Max Conversions,Colonoscopy - Core,,0,0,,,0.0,0,
polipectomia merida,PHRASE,PAUSED,Colon Max Conversions,Colonoscopy - Core,,0,0,,,0.0,0,
polipectomia colónica,PHRASE,PAUSED,Colon Max Conversions,Colonoscopy - Core,,0,0,,,0.0,0,
colonoscopia precio merida,PHRASE,PAUSED,Colon Max Conversions,Colonoscopy - Core,,0,0,,,0.0,0,
precio colonoscopia merida,PHRASE,PAUSED,Colon Max Conversions,Colonoscopy - Core,,0,0,,,0.0,0,
video,BROAD,ENABLED,Hemorroides,Hemorroides - Core,,0,0,,,0.0,0,
cancun,BROAD,ENABLED,Hemorroides,Hemorroides - Core,,0,0,,,0.0,0,
laser,BROAD,ENABLED,Hemorroides,Hemorroides - Core,,0,0,,,0.0,0,
hemorrhoids,BROAD,ENABLED,Hemorroides,Hemorroides - Core,,0,0,,,0.0,0,
cozumel,BROAD,ENABLED,Hemorroides,Hemorroides - Core,,0,0,,,0.0,0,
endoscopia,BROAD,ENABLED,Hemorroides,Hemorroides - Core,,0,0,,,0.0,0,
fotos,BROAD,ENABLED,Hemorroides,Hemorroides - Core,,0,0,,,0.0,0,
english,BROAD,ENABLED,Hemorroides,Hemorroides - Core,,0,0,,,0.0,0,
pastillas,BROAD,ENABLED,Hemorroides,Hemorroides - Core,,0,0,,,0.0,0,
medicamento,BROAD,ENABLED,Hemorroides,Hemorroides - Core,,0,0,,,0.0,0,
tulum,BROAD,ENABLED,Hemorroides,Hemorroides - Core,,0,0,,,0.0,0,
campeche,BROAD,ENABLED,Hemorroides,Hemorroides - Core,,0,0,,,0.0,0,
monterrey,BROAD,ENABLED,Hemorroides,Hemorroides - Core,,0,0,,,0.0,0,
tipos,BROAD,ENABLED,Hemorroides,Hemorroides - Core,,0,0,,,0.0,0,
cancún,BROAD,ENABLED,Hemorroides,Hemorroides - Core,,0,0,,,0.0,0,
caseros,BROAD,ENABLED,Hemorroides,Hemorroides - Core,,0,0,,,0.0,0,
ingles,BROAD,ENABLED,Hemorroides,Hemorroides - Core,,0,0,,,0.0,0,
nombre,BROAD,ENABLED,Hemorroides,Hemorroides - Core,,0,0,,,0.0,0,
causas,BROAD,ENABLED,Hemorroides,Hemorroides - Core,,0,0,,,0.0,0,
imagenes,BROAD,ENABLED,Hemorroides,Hemorroides - Core,,0,0,,,0.0,0,
crema,BROAD,ENABLED,Hemorroides,Hemorroides - Core,,0,0,,,0.0,0,
externa,BROAD,ENABLED,Hemorroides,Hemorroides - Core,,0,0,,,0.0,0,
imágenes,BROAD,ENABLED,Hemorroides,Hemorroides - Core,,0,0,,,0.0,0,
cremas,BROAD,ENABLED,Hemorroides,Hemorroides - Core,,0,0,,,0.0,0,
varices,BROAD,ENABLED,Hemorroides,Hemorroides - Core,,0,0,,,0.0,0,
casero,BROAD,ENABLED,Hemorroides,Hemorroides - Core,,0,0,,,0.0,0,
remedio,BROAD,ENABLED,Hemorroides,Hemorroides - Core,,0,0,,,0.0,0,
playa del carmen,PHRASE,ENABLED,Hemorroides,Hemorroides - Core,,0,0,,,0.0,0,
láser,BROAD,ENABLED,Hemorroides,Hemorroides - Core,,0,0,,,0.0,0,
chetumal,BROAD,ENABLED,Hemorroides,Hemorroides - Core,,0,0,,,0.0,0,
opiniones,BROAD,ENABLED,Hemorroides,Hemorroides - Core,,0,0,,,0.0,0,
grados,BROAD,ENABLED,Hemorroides,Hemorroides - Core,,0,0,,,0.0,0,
que es,PHRASE,ENABLED,Hemorroides,Hemorroides - Core,,0,0,,,0.0,0,
remedios,BROAD,ENABLED,Hemorroides,Hemorroides - Core,,0,0,,,0.0,0,
sintomas,BROAD,ENABLED,Hemorroides,Hemorroides - Core,,0,0,,,0.0,0,
colonoscopia,BROAD,ENABLED,Hemorroides,Hemorroides - Core,,0,0,,,0.0,0,
qué es,PHRASE,ENABLED,Hemorroides,Hemorroides - Core,,0,0,,,0.0,0,
pomada,BROAD,ENABLED,Hemorroides,Hemorroides - Core,,0,0,,,0.0,0,
cpre,BROAD,ENABLED,Hemorroides,Hemorroides - Core,,0,0,,,0.0,0,
quintana roo,PHRASE,ENABLED,Hemorroides,Hemorroides - Core,,0,0,,,0.0,0,
en ingles,BROAD,ENABLED,Hemorroides,Hemorroides - Core,,0,0,,,0.0,0,
supositorios,BROAD,ENABLED,Hemorroides,Hemorroides - Core,,0,0,,,0.0,0,
supositorio,BROAD,ENABLED,Hemorroides,Hemorroides - Core,,0,0,,,0.0,0,
síntomas,BROAD,ENABLED,Hemorroides,Hemorroides - Core,,0,0,,,0.0,0,
externas,BROAD,ENABLED,Hemorroides,Hemorroides - Core,,0,0,,,0.0,0,
ciudad de mexico,PHRASE,ENABLED,Hemorroides,Hemorroides - Core,,0,0,,,0.0,0,
ciudad del carmen,PHRASE,ENABLED,Hemorroides,Hemorroides - Core,,0,0,,,0.0,0,
gastricas,BROAD,ENABLED,Hemorroides,Hemorroides - Core,,0,0,,,0.0,0,
como quitar,BROAD,ENABLED,Hemorroides,Hemorroides - Core,,0,0,,,0.0,0,
várices,BROAD,ENABLED,Hemorroides,Hemorroides - Core,,0,0,,,0.0,0,
que hacer,PHRASE,ENABLED,Hemorroides,Hemorroides - Core,,0,0,,,0.0,0,
cdmx,BROAD,ENABLED,Hemorroides,Hemorroides - Core,,0,0,,,0.0,0,
como son,BROAD,ENABLED,Hemorroides,Hemorroides - Core,,0,0,,,0.0,0,
como eliminar,BROAD,ENABLED,Hemorroides,Hemorroides - Core,,0,0,,,0.0,0,
trombosada,BROAD,ENABLED,Hemorroides,Hemorroides - Core,,0,0,,,0.0,0,
ungüento,BROAD,ENABLED,Hemorroides,Hemorroides - Core,,0,0,,,0.0,0,
esofagicas,BROAD,ENABLED,Hemorroides,Hemorroides - Core,,0,0,,,0.0,0,
hemorroidopexia,BROAD,ENABLED,Hemorroides,Hemorroides - Core,,0,0,,,0.0,0,
esofágicas,BROAD,ENABLED,Hemorroides,Hemorroides - Core,,0,0,,,0.0,0,
gástricas,BROAD,ENABLED,Hemorroides,Hemorroides - Core,,0,0,,,0.0,0,
trombosadas,BROAD,ENABLED,Hemorroides,Hemorroides - Core,,0,0,,,0.0,0,
costo de ligadura de hemorroides,EXACT,ENABLED,Hemorroides,Hemorroides - Core,,0,0,,,0.0,0,
